#
# There is insufficient memory for the Java Runtime Environment to continue.
# Native memory allocation (malloc) failed to allocate 1613584 bytes. Error detail: Chunk::new
# Possible reasons:
#   The system is out of physical RAM or swap space
#   This process is running with CompressedOops enabled, and the Java Heap may be blocking the growth of the native heap
# Possible solutions:
#   Reduce memory load on the system
#   Increase physical memory or swap space
#   Check if swap backing store is full
#   Decrease Java heap size (-Xmx/-Xms)
#   Decrease number of Java threads
#   Decrease Java thread stack sizes (-Xss)
#   Set larger code cache with -XX:ReservedCodeCacheSize=
#   JVM is running with Unscaled Compressed Oops mode in which the Java heap is
#     placed in the first 4GB address space. The Java Heap base address is the
#     maximum limit for the native heap growth. Please use -XX:HeapBaseMinAddress
#     to set the Java Heap base and to place the Java Heap above 4GB virtual address.
# This output file may be truncated or incomplete.
#
#  Out of Memory Error (arena.cpp:149), pid=37760, tid=37000
#
# JRE version: Java(TM) SE Runtime Environment (23.0.1+11) (build 23.0.1+11-39)
# Java VM: Java HotSpot(TM) 64-Bit Server VM (23.0.1+11-39, mixed mode, sharing, tiered, compressed oops, compressed class ptrs, g1 gc, windows-amd64)
# No core dump will be written. Minidumps are not enabled by default on client versions of Windows
#

---------------  S U M M A R Y ------------

Command Line: --add-opens=java.base/java.lang=ALL-UNNAMED --add-opens=java.base/java.lang.invoke=ALL-UNNAMED --add-opens=java.base/java.util=ALL-UNNAMED --add-opens=java.prefs/java.util.prefs=ALL-UNNAMED --add-exports=jdk.compiler/com.sun.tools.javac.api=ALL-UNNAMED --add-exports=jdk.compiler/com.sun.tools.javac.util=ALL-UNNAMED --add-opens=java.base/java.util=ALL-UNNAMED --add-opens=java.prefs/java.util.prefs=ALL-UNNAMED --add-opens=java.base/java.nio.charset=ALL-UNNAMED --add-opens=java.base/java.net=ALL-UNNAMED --add-opens=java.base/java.util.concurrent=ALL-UNNAMED --add-opens=java.base/java.util.concurrent.atomic=ALL-UNNAMED --add-opens=java.xml/javax.xml.namespace=ALL-UNNAMED --add-opens=java.base/java.time=ALL-UNNAMED -XX:MaxMetaspaceSize=512m -Xmx2048m -Dfile.encoding=UTF-8 -Duser.country=US -Duser.language=en -Duser.variant -javaagent:C:\Users\chath\.gradle\wrapper\dists\gradle-9.3.1-bin\23ovyewtku6u96viwx3xl3oks\gradle-9.3.1\lib\agents\gradle-instrumentation-agent-9.3.1.jar org.gradle.launcher.daemon.bootstrap.GradleDaemon 9.3.1

Host: AMD Ryzen 7 5700U with Radeon Graphics         , 16 cores, 7G,  Windows 11 , 64 bit Build 26100 (10.0.26100.9168)
Time: Sat Aug 22 18:20:55 2026 Sri Lanka Standard Time elapsed time: 391.178549 seconds (0d 0h 6m 31s)

---------------  T H R E A D  ---------------

Current thread (0x000002119f02b9d0):  JavaThread "C2 CompilerThread0" daemon [_thread_in_native, id=37000, stack(0x0000004e42300000,0x0000004e42400000) (1024K)]


Current CompileTask:
C2:391180 17439       4       org.gradle.internal.operations.DefaultBuildOperationRunner::execute (147 bytes)

Stack: [0x0000004e42300000,0x0000004e42400000]
Native frames: (J=compiled Java code, j=interpreted, Vv=VM code, C=native code)
V  [jvm.dll+0x6e08b9]  (no source info available)
V  [jvm.dll+0x87dc83]  (no source info available)
V  [jvm.dll+0x88010e]  (no source info available)
V  [jvm.dll+0x8807e3]  (no source info available)
V  [jvm.dll+0x27aee6]  (no source info available)
V  [jvm.dll+0xbc06f]  (no source info available)
V  [jvm.dll+0xbc2cb]  (no source info available)
V  [jvm.dll+0x3b3a9c]  (no source info available)
V  [jvm.dll+0x1dc39e]  (no source info available)
V  [jvm.dll+0x244be5]  (no source info available)
V  [jvm.dll+0x243dff]  (no source info available)
V  [jvm.dll+0x1c33a0]  (no source info available)
V  [jvm.dll+0x253cf1]  (no source info available)
V  [jvm.dll+0x251faa]  (no source info available)
V  [jvm.dll+0x3ee036]  (no source info available)
V  [jvm.dll+0x824f8b]  (no source info available)
V  [jvm.dll+0x6df065]  (no source info available)
C  [ucrtbase.dll+0x2cd30]  (no source info available)
C  [KERNEL32.DLL+0x2ccb7]  (no source info available)
C  [ntdll.dll+0xaad6c]  (no source info available)

Lock stack of current Java thread (top to bottom):


---------------  P R O C E S S  ---------------

Threads class SMR info:
_java_thread_list=0x00000211a2e094b0, length=234, elements={
0x00000211df6711f0, 0x000002119f012ef0, 0x000002119f0140d0, 0x000002119f01b480,
0x000002119f01c100, 0x000002119f021d10, 0x000002119f028ba0, 0x000002119f02b9d0,
0x000002119f0313c0, 0x000002119f1a0e10, 0x000002119f2ee820, 0x000002119ff32700,
0x00000211a0e90a00, 0x00000211a0d7e9e0, 0x00000211a0df4ad0, 0x00000211a0d9be20,
0x00000211a0ea5170, 0x00000211a0ea3dc0, 0x00000211a0ea4450, 0x00000211a0ea4ae0,
0x00000211a0ea5e90, 0x00000211a0ea3730, 0x00000211a0ea5800, 0x00000211a0ea6520,
0x00000211a2061670, 0x00000211a205e880, 0x00000211a205f5a0, 0x00000211a2060950,
0x00000211a2062390, 0x00000211a205ef10, 0x00000211a205fc30, 0x00000211a2063740,
0x00000211a20602c0, 0x00000211a2064af0, 0x00000211a15d5b10, 0x00000211a15d6ec0,
0x00000211a15d8270, 0x00000211a15d8900, 0x00000211a15d5480, 0x00000211a15d8f90,
0x00000211a15d7be0, 0x00000211a15d9620, 0x00000211a15d6830, 0x00000211a15db6f0,
0x00000211a15dbd80, 0x00000211a15da340, 0x00000211a15da9d0, 0x00000211a15d9cb0,
0x00000211a15db060, 0x00000211a136e6c0, 0x00000211a136ed50, 0x00000211a136cc80,
0x00000211a136d310, 0x00000211a136fa70, 0x00000211a1370100, 0x00000211a1370790,
0x00000211a136d9a0, 0x00000211a136e030, 0x00000211a1370e20, 0x00000211a13714b0,
0x00000211a1372860, 0x00000211a13721d0, 0x00000211a136f3e0, 0x00000211a1371b40,
0x00000211a1372ef0, 0x00000211a1373580, 0x00000211a1373c10, 0x00000211a13742a0,
0x00000211a3cb4590, 0x00000211a3cb31e0, 0x00000211a3cb52b0, 0x00000211a3cb24c0,
0x00000211a3cb5fd0, 0x00000211a3cb6660, 0x00000211a3cb4c20, 0x00000211a3cb6cf0,
0x00000211a3cb3f00, 0x00000211a3cb3870, 0x00000211a3cb8dc0, 0x00000211a3cb7a10,
0x00000211a3cb9450, 0x00000211a3cb7380, 0x00000211a3cb80a0, 0x00000211a2ad43a0,
0x00000211a2ad5de0, 0x00000211a2ad50c0, 0x00000211a46e9eb0, 0x00000211a46e8b00,
0x00000211a46e9190, 0x00000211a46eabd0, 0x00000211a46e7de0, 0x00000211a46e9820,
0x00000211a46eb8f0, 0x00000211a46e8470, 0x00000211a46ed9c0, 0x00000211a46ebf80,
0x00000211a46ecca0, 0x00000211a46ed330, 0x00000211a46ee050, 0x00000211a46ef400,
0x00000211a46ee6e0, 0x00000211a26948b0, 0x00000211a2691ac0, 0x00000211a26955d0,
0x00000211a2695c60, 0x00000211a26927e0, 0x00000211a26976a0, 0x00000211a26962f0,
0x00000211a2696980, 0x00000211a2697010, 0x00000211a2ad9260, 0x00000211a5b32c60,
0x00000211a5b332f0, 0x00000211a5b325d0, 0x00000211a5b318b0, 0x00000211a5b31220,
0x00000211a5b33980, 0x00000211a5b30500, 0x00000211a5b34010, 0x00000211a5b31f40,
0x00000211a5b30b90, 0x00000211a5b35a50, 0x00000211a5b37490, 0x00000211a5b346a0,
0x00000211a5b37b20, 0x00000211a3fedb90, 0x00000211a3ff23c0, 0x00000211a3ff16a0,
0x00000211a3ff1d30, 0x00000211a3ff2a50, 0x00000211a3fef5d0, 0x00000211a3ff30e0,
0x00000211a3fefc60, 0x00000211a3ff3770, 0x00000211a3ff3e00, 0x00000211a3ff5ed0,
0x00000211a3ff4b20, 0x00000211a3ff4490, 0x00000211a3ff8630, 0x00000211a3ff5840,
0x00000211a3ff51b0, 0x00000211a3ff8cc0, 0x00000211a3ff7fa0, 0x00000211a3ff7280,
0x00000211a392a100, 0x00000211a3929a70, 0x00000211a39279a0, 0x00000211a39293e0,
0x00000211a39286c0, 0x00000211a3926c80, 0x00000211a3927310, 0x00000211a392ae20,
0x00000211a392b4b0, 0x00000211a392bb40, 0x00000211a392c1d0, 0x00000211a3928d50,
0x00000211a392fce0, 0x00000211a392dc10, 0x00000211a392e2a0, 0x00000211a392efc0,
0x00000211a392d580, 0x00000211a392f650, 0x00000211a392e930, 0x00000211a392c860,
0x00000211a3930370, 0x00000211a392cef0, 0x00000211a3932ad0, 0x00000211a3933160,
0x00000211a3932440, 0x00000211a3930a00, 0x00000211a3933e80, 0x00000211a3934510,
0x00000211a39337f0, 0x00000211a3931720, 0x00000211a3931090, 0x00000211a3934ba0,
0x00000211a3935230, 0x00000211a3931db0, 0x00000211a3935f50, 0x00000211a4ee3290,
0x00000211a4ee11c0, 0x00000211a4ee4640, 0x00000211a4ee3920, 0x00000211a4ee2570,
0x00000211a4ee5360, 0x00000211a4ee4cd0, 0x00000211a4ee3fb0, 0x00000211a4ee1850,
0x00000211a4ee1ee0, 0x00000211a4ee59f0, 0x00000211a4ee8150, 0x00000211a4ee87e0,
0x00000211a4ee7ac0, 0x00000211a4ee6da0, 0x00000211a4ee8e70, 0x00000211a4ee6080,
0x00000211a4ee7430, 0x00000211a4ee9500, 0x00000211a4ee9b90, 0x00000211a4ee6710,
0x00000211a4eea8b0, 0x00000211a4eed010, 0x00000211a4eec980, 0x00000211a4eed6a0,
0x00000211a4eee3c0, 0x00000211a4eeea50, 0x00000211a4eef0e0, 0x00000211a4eef770,
0x00000211a4eec2f0, 0x00000211a2063dd0, 0x00000211a2064460, 0x00000211a3ff9350,
0x00000211a3ff7910, 0x00000211a39358c0, 0x00000211a2690da0, 0x00000211a2ad98f0,
0x00000211a57dbd90, 0x00000211a57dc420, 0x00000211a57dde60, 0x00000211a57dcab0,
0x00000211a57de4f0, 0x00000211a57deb80, 0x00000211a57e05c0, 0x00000211a57e6830,
0x00000211a57e5b10, 0x00000211a57e40d0, 0x00000211a57e9620, 0x00000211a57e8900,
0x00000211a3fec7e0, 0x00000211a3feef40, 0x00000211a3ff1010, 0x00000211a3ff6bf0,
0x00000211a57e9cb0, 0x00000211a4bd3690
}

Java Threads: ( => current thread )
  0x00000211df6711f0 JavaThread "main"                              [_thread_blocked, id=28460, stack(0x0000004e41500000,0x0000004e41600000) (1024K)]
  0x000002119f012ef0 JavaThread "Reference Handler"          daemon [_thread_blocked, id=34448, stack(0x0000004e41d00000,0x0000004e41e00000) (1024K)]
  0x000002119f0140d0 JavaThread "Finalizer"                  daemon [_thread_blocked, id=42808, stack(0x0000004e41e00000,0x0000004e41f00000) (1024K)]
  0x000002119f01b480 JavaThread "Signal Dispatcher"          daemon [_thread_blocked, id=29580, stack(0x0000004e41f00000,0x0000004e42000000) (1024K)]
  0x000002119f01c100 JavaThread "Attach Listener"            daemon [_thread_blocked, id=7620, stack(0x0000004e42000000,0x0000004e42100000) (1024K)]
  0x000002119f021d10 JavaThread "Service Thread"             daemon [_thread_blocked, id=28204, stack(0x0000004e42100000,0x0000004e42200000) (1024K)]
  0x000002119f028ba0 JavaThread "Monitor Deflation Thread"   daemon [_thread_blocked, id=30212, stack(0x0000004e42200000,0x0000004e42300000) (1024K)]
=>0x000002119f02b9d0 JavaThread "C2 CompilerThread0"         daemon [_thread_in_native, id=37000, stack(0x0000004e42300000,0x0000004e42400000) (1024K)]
  0x000002119f0313c0 JavaThread "C1 CompilerThread0"         daemon [_thread_blocked, id=31684, stack(0x0000004e42400000,0x0000004e42500000) (1024K)]
  0x000002119f1a0e10 JavaThread "Common-Cleaner"             daemon [_thread_blocked, id=24556, stack(0x0000004e42600000,0x0000004e42700000) (1024K)]
  0x000002119f2ee820 JavaThread "Notification Thread"        daemon [_thread_blocked, id=4696, stack(0x0000004e42700000,0x0000004e42800000) (1024K)]
  0x000002119ff32700 JavaThread "Daemon health stats"               [_thread_blocked, id=6992, stack(0x0000004e42e00000,0x0000004e42f00000) (1024K)]
  0x00000211a0e90a00 JavaThread "Incoming local TCP Connector on port 62281"        [_thread_in_native, id=10704, stack(0x0000004e42f00000,0x0000004e43000000) (1024K)]
  0x00000211a0d7e9e0 JavaThread "Daemon periodic checks"            [_thread_blocked, id=6208, stack(0x0000004e43000000,0x0000004e43100000) (1024K)]
  0x00000211a0df4ad0 JavaThread "Daemon"                            [_thread_blocked, id=40376, stack(0x0000004e43100000,0x0000004e43200000) (1024K)]
  0x00000211a0d9be20 JavaThread "Handler for socket connection from /127.0.0.1:62281 to /127.0.0.1:62282"        [_thread_in_native, id=32732, stack(0x0000004e43200000,0x0000004e43300000) (1024K)]
  0x00000211a0ea5170 JavaThread "Cancel handler"                    [_thread_blocked, id=38108, stack(0x0000004e43300000,0x0000004e43400000) (1024K)]
  0x00000211a0ea3dc0 JavaThread "Daemon worker"                     [_thread_in_native, id=24016, stack(0x0000004e43400000,0x0000004e43500000) (1024K)]
  0x00000211a0ea4450 JavaThread "Asynchronous log dispatcher for DefaultDaemonConnection: socket connection from /127.0.0.1:62281 to /127.0.0.1:62282"        [_thread_blocked, id=27456, stack(0x0000004e43500000,0x0000004e43600000) (1024K)]
  0x00000211a0ea4ae0 JavaThread "Stdin handler"                     [_thread_blocked, id=34436, stack(0x0000004e43600000,0x0000004e43700000) (1024K)]
  0x00000211a0ea5e90 JavaThread "Daemon client event forwarder"        [_thread_blocked, id=2504, stack(0x0000004e43700000,0x0000004e43800000) (1024K)]
  0x00000211a0ea3730 JavaThread "Cache worker for journal cache (C:\Users\chath\.gradle\caches\journal-1)"        [_thread_blocked, id=40500, stack(0x0000004e43f00000,0x0000004e44000000) (1024K)]
  0x00000211a0ea5800 JavaThread "File lock request listener"        [_thread_in_native, id=33532, stack(0x0000004e44000000,0x0000004e44100000) (1024K)]
  0x00000211a0ea6520 JavaThread "Cache worker for file hash cache (C:\Users\chath\.gradle\caches\9.3.1\fileHashes)"        [_thread_blocked, id=8848, stack(0x0000004e42c00000,0x0000004e42d00000) (1024K)]
  0x00000211a2061670 JavaThread "Cache worker for file hash cache (C:\Users\chath\MindTrack\android\.gradle\9.3.1\fileHashes)"        [_thread_blocked, id=12544, stack(0x0000004e44300000,0x0000004e44400000) (1024K)]
  0x00000211a205e880 JavaThread "Cache worker for Build Output Cleanup Cache (C:\Users\chath\MindTrack\android\.gradle\buildOutputCleanup)"        [_thread_blocked, id=45116, stack(0x0000004e44400000,0x0000004e44500000) (1024K)]
  0x00000211a205f5a0 JavaThread "File watcher server"        daemon [_thread_in_native, id=18104, stack(0x0000004e44500000,0x0000004e44600000) (1024K)]
  0x00000211a2060950 JavaThread "File watcher consumer"      daemon [_thread_blocked, id=19144, stack(0x0000004e44600000,0x0000004e44700000) (1024K)]
  0x00000211a2062390 JavaThread "Cache worker for checksums cache (C:\Users\chath\MindTrack\android\.gradle\9.3.1\checksums)"        [_thread_blocked, id=17436, stack(0x0000004e44700000,0x0000004e44800000) (1024K)]
  0x00000211a205ef10 JavaThread "Cache worker for file content cache (C:\Users\chath\.gradle\caches\9.3.1\fileContent)"        [_thread_blocked, id=9116, stack(0x0000004e44800000,0x0000004e44900000) (1024K)]
  0x00000211a205fc30 JavaThread "Cache worker for cache directory md-supplier (C:\Users\chath\.gradle\caches\9.3.1\md-supplier)"        [_thread_blocked, id=3664, stack(0x0000004e44a00000,0x0000004e44b00000) (1024K)]
  0x00000211a2063740 JavaThread "Cache worker for cache directory md-rule (C:\Users\chath\.gradle\caches\9.3.1\md-rule)"        [_thread_blocked, id=22356, stack(0x0000004e44b00000,0x0000004e44c00000) (1024K)]
  0x00000211a20602c0 JavaThread "jar transforms"                    [_thread_blocked, id=32464, stack(0x0000004e44c00000,0x0000004e44d00000) (1024K)]
  0x00000211a2064af0 JavaThread "Cache worker for Build Output Cleanup Cache (C:\Users\chath\MindTrack\node_modules\@react-native\gradle-plugin\.gradle\buildOutputCleanup)"        [_thread_blocked, id=45292, stack(0x0000004e44e00000,0x0000004e44f00000) (1024K)]
  0x00000211a15d5b10 JavaThread "Unconstrained build operations"        [_thread_blocked, id=19536, stack(0x0000004e45100000,0x0000004e45200000) (1024K)]
  0x00000211a15d6ec0 JavaThread "Unconstrained build operations Thread 2"        [_thread_blocked, id=28660, stack(0x0000004e45200000,0x0000004e45300000) (1024K)]
  0x00000211a15d8270 JavaThread "Unconstrained build operations Thread 3"        [_thread_blocked, id=39884, stack(0x0000004e45300000,0x0000004e45400000) (1024K)]
  0x00000211a15d8900 JavaThread "Cache worker for Build Output Cleanup Cache (C:\Users\chath\MindTrack\node_modules\expo-modules-autolinking\android\expo-gradle-plugin\.gradle\buildOutputCleanup)"        [_thread_blocked, id=34052, stack(0x0000004e45400000,0x0000004e45500000) (1024K)]
  0x00000211a15d5480 JavaThread "Unconstrained build operations Thread 4"        [_thread_blocked, id=2960, stack(0x0000004e45700000,0x0000004e45800000) (1024K)]
  0x00000211a15d8f90 JavaThread "Unconstrained build operations Thread 5"        [_thread_blocked, id=22424, stack(0x0000004e45800000,0x0000004e45900000) (1024K)]
  0x00000211a15d7be0 JavaThread "Unconstrained build operations Thread 6"        [_thread_blocked, id=37600, stack(0x0000004e45900000,0x0000004e45a00000) (1024K)]
  0x00000211a15d9620 JavaThread "Unconstrained build operations Thread 7"        [_thread_blocked, id=21592, stack(0x0000004e45a00000,0x0000004e45b00000) (1024K)]
  0x00000211a15d6830 JavaThread "Unconstrained build operations Thread 8"        [_thread_blocked, id=39848, stack(0x0000004e45b00000,0x0000004e45c00000) (1024K)]
  0x00000211a15db6f0 JavaThread "Unconstrained build operations Thread 9"        [_thread_blocked, id=9268, stack(0x0000004e45c00000,0x0000004e45d00000) (1024K)]
  0x00000211a15dbd80 JavaThread "Unconstrained build operations Thread 10"        [_thread_blocked, id=43356, stack(0x0000004e45d00000,0x0000004e45e00000) (1024K)]
  0x00000211a15da340 JavaThread "Unconstrained build operations Thread 11"        [_thread_blocked, id=44496, stack(0x0000004e45e00000,0x0000004e45f00000) (1024K)]
  0x00000211a15da9d0 JavaThread "Unconstrained build operations Thread 12"        [_thread_blocked, id=10040, stack(0x0000004e45f00000,0x0000004e46000000) (1024K)]
  0x00000211a15d9cb0 JavaThread "Unconstrained build operations Thread 13"        [_thread_blocked, id=5860, stack(0x0000004e46000000,0x0000004e46100000) (1024K)]
  0x00000211a15db060 JavaThread "Unconstrained build operations Thread 14"        [_thread_blocked, id=37828, stack(0x0000004e46100000,0x0000004e46200000) (1024K)]
  0x00000211a136e6c0 JavaThread "Unconstrained build operations Thread 15"        [_thread_blocked, id=14896, stack(0x0000004e46200000,0x0000004e46300000) (1024K)]
  0x00000211a136ed50 JavaThread "Unconstrained build operations Thread 16"        [_thread_blocked, id=37276, stack(0x0000004e46300000,0x0000004e46400000) (1024K)]
  0x00000211a136cc80 JavaThread "Unconstrained build operations Thread 17"        [_thread_blocked, id=1688, stack(0x0000004e46400000,0x0000004e46500000) (1024K)]
  0x00000211a136d310 JavaThread "Unconstrained build operations Thread 18"        [_thread_blocked, id=22592, stack(0x0000004e46500000,0x0000004e46600000) (1024K)]
  0x00000211a136fa70 JavaThread "Unconstrained build operations Thread 19"        [_thread_blocked, id=24196, stack(0x0000004e46600000,0x0000004e46700000) (1024K)]
  0x00000211a1370100 JavaThread "Unconstrained build operations Thread 20"        [_thread_blocked, id=11300, stack(0x0000004e46700000,0x0000004e46800000) (1024K)]
  0x00000211a1370790 JavaThread "Unconstrained build operations Thread 21"        [_thread_blocked, id=12416, stack(0x0000004e46800000,0x0000004e46900000) (1024K)]
  0x00000211a136d9a0 JavaThread "Unconstrained build operations Thread 22"        [_thread_blocked, id=39224, stack(0x0000004e46900000,0x0000004e46a00000) (1024K)]
  0x00000211a136e030 JavaThread "Unconstrained build operations Thread 23"        [_thread_blocked, id=4248, stack(0x0000004e46a00000,0x0000004e46b00000) (1024K)]
  0x00000211a1370e20 JavaThread "Unconstrained build operations Thread 24"        [_thread_blocked, id=25676, stack(0x0000004e46b00000,0x0000004e46c00000) (1024K)]
  0x00000211a13714b0 JavaThread "Unconstrained build operations Thread 25"        [_thread_blocked, id=17572, stack(0x0000004e46c00000,0x0000004e46d00000) (1024K)]
  0x00000211a1372860 JavaThread "Unconstrained build operations Thread 26"        [_thread_blocked, id=35356, stack(0x0000004e46d00000,0x0000004e46e00000) (1024K)]
  0x00000211a13721d0 JavaThread "Unconstrained build operations Thread 27"        [_thread_blocked, id=42960, stack(0x0000004e46e00000,0x0000004e46f00000) (1024K)]
  0x00000211a136f3e0 JavaThread "Unconstrained build operations Thread 28"        [_thread_blocked, id=5888, stack(0x0000004e46f00000,0x0000004e47000000) (1024K)]
  0x00000211a1371b40 JavaThread "Unconstrained build operations Thread 29"        [_thread_blocked, id=40564, stack(0x0000004e47000000,0x0000004e47100000) (1024K)]
  0x00000211a1372ef0 JavaThread "Unconstrained build operations Thread 30"        [_thread_blocked, id=44712, stack(0x0000004e47100000,0x0000004e47200000) (1024K)]
  0x00000211a1373580 JavaThread "Unconstrained build operations Thread 31"        [_thread_blocked, id=22436, stack(0x0000004e47200000,0x0000004e47300000) (1024K)]
  0x00000211a1373c10 JavaThread "Unconstrained build operations Thread 32"        [_thread_blocked, id=42208, stack(0x0000004e47300000,0x0000004e47400000) (1024K)]
  0x00000211a13742a0 JavaThread "Unconstrained build operations Thread 33"        [_thread_blocked, id=12292, stack(0x0000004e47400000,0x0000004e47500000) (1024K)]
  0x00000211a3cb4590 JavaThread "Unconstrained build operations Thread 34"        [_thread_blocked, id=35116, stack(0x0000004e47500000,0x0000004e47600000) (1024K)]
  0x00000211a3cb31e0 JavaThread "Unconstrained build operations Thread 35"        [_thread_blocked, id=30556, stack(0x0000004e47600000,0x0000004e47700000) (1024K)]
  0x00000211a3cb52b0 JavaThread "Unconstrained build operations Thread 36"        [_thread_blocked, id=5592, stack(0x0000004e47700000,0x0000004e47800000) (1024K)]
  0x00000211a3cb24c0 JavaThread "Unconstrained build operations Thread 37"        [_thread_blocked, id=39240, stack(0x0000004e47800000,0x0000004e47900000) (1024K)]
  0x00000211a3cb5fd0 JavaThread "Unconstrained build operations Thread 38"        [_thread_blocked, id=9568, stack(0x0000004e47900000,0x0000004e47a00000) (1024K)]
  0x00000211a3cb6660 JavaThread "Unconstrained build operations Thread 39"        [_thread_blocked, id=41568, stack(0x0000004e47a00000,0x0000004e47b00000) (1024K)]
  0x00000211a3cb4c20 JavaThread "Unconstrained build operations Thread 40"        [_thread_blocked, id=16444, stack(0x0000004e47b00000,0x0000004e47c00000) (1024K)]
  0x00000211a3cb6cf0 JavaThread "Unconstrained build operations Thread 41"        [_thread_blocked, id=34528, stack(0x0000004e47c00000,0x0000004e47d00000) (1024K)]
  0x00000211a3cb3f00 JavaThread "Unconstrained build operations Thread 42"        [_thread_blocked, id=43444, stack(0x0000004e47d00000,0x0000004e47e00000) (1024K)]
  0x00000211a3cb3870 JavaThread "Unconstrained build operations Thread 43"        [_thread_blocked, id=37696, stack(0x0000004e47e00000,0x0000004e47f00000) (1024K)]
  0x00000211a3cb8dc0 JavaThread "Unconstrained build operations Thread 44"        [_thread_blocked, id=15348, stack(0x0000004e47f00000,0x0000004e48000000) (1024K)]
  0x00000211a3cb7a10 JavaThread "Unconstrained build operations Thread 45"        [_thread_blocked, id=38424, stack(0x0000004e48000000,0x0000004e48100000) (1024K)]
  0x00000211a3cb9450 JavaThread "Unconstrained build operations Thread 46"        [_thread_blocked, id=1872, stack(0x0000004e48100000,0x0000004e48200000) (1024K)]
  0x00000211a3cb7380 JavaThread "Unconstrained build operations Thread 47"        [_thread_blocked, id=21668, stack(0x0000004e48200000,0x0000004e48300000) (1024K)]
  0x00000211a3cb80a0 JavaThread "Unconstrained build operations Thread 48"        [_thread_blocked, id=41700, stack(0x0000004e48300000,0x0000004e48400000) (1024K)]
  0x00000211a2ad43a0 JavaThread "build event listener"              [_thread_blocked, id=41956, stack(0x0000004e48400000,0x0000004e48500000) (1024K)]
  0x00000211a2ad5de0 JavaThread "Memory manager"                    [_thread_blocked, id=15276, stack(0x0000004e45600000,0x0000004e45700000) (1024K)]
  0x00000211a2ad50c0 JavaThread "Problems report writer"            [_thread_blocked, id=43592, stack(0x0000004e48500000,0x0000004e48600000) (1024K)]
  0x00000211a46e9eb0 JavaThread "Unconstrained build operations Thread 49"        [_thread_blocked, id=2668, stack(0x0000004e41200000,0x0000004e41300000) (1024K)]
  0x00000211a46e8b00 JavaThread "Unconstrained build operations Thread 50"        [_thread_blocked, id=2024, stack(0x0000004e41300000,0x0000004e41400000) (1024K)]
  0x00000211a46e9190 JavaThread "Unconstrained build operations Thread 51"        [_thread_blocked, id=28876, stack(0x0000004e41400000,0x0000004e41500000) (1024K)]
  0x00000211a46eabd0 JavaThread "Unconstrained build operations Thread 52"        [_thread_blocked, id=19496, stack(0x0000004e48600000,0x0000004e48700000) (1024K)]
  0x00000211a46e7de0 JavaThread "Unconstrained build operations Thread 53"        [_thread_blocked, id=22672, stack(0x0000004e48700000,0x0000004e48800000) (1024K)]
  0x00000211a46e9820 JavaThread "Unconstrained build operations Thread 54"        [_thread_blocked, id=45596, stack(0x0000004e48800000,0x0000004e48900000) (1024K)]
  0x00000211a46eb8f0 JavaThread "Unconstrained build operations Thread 55"        [_thread_blocked, id=26896, stack(0x0000004e48900000,0x0000004e48a00000) (1024K)]
  0x00000211a46e8470 JavaThread "Unconstrained build operations Thread 56"        [_thread_blocked, id=23120, stack(0x0000004e48a00000,0x0000004e48b00000) (1024K)]
  0x00000211a46ed9c0 JavaThread "Unconstrained build operations Thread 57"        [_thread_blocked, id=18044, stack(0x0000004e48b00000,0x0000004e48c00000) (1024K)]
  0x00000211a46ebf80 JavaThread "Unconstrained build operations Thread 58"        [_thread_blocked, id=34748, stack(0x0000004e48c00000,0x0000004e48d00000) (1024K)]
  0x00000211a46ecca0 JavaThread "Unconstrained build operations Thread 59"        [_thread_blocked, id=30252, stack(0x0000004e48d00000,0x0000004e48e00000) (1024K)]
  0x00000211a46ed330 JavaThread "Unconstrained build operations Thread 60"        [_thread_blocked, id=32952, stack(0x0000004e48e00000,0x0000004e48f00000) (1024K)]
  0x00000211a46ee050 JavaThread "Unconstrained build operations Thread 61"        [_thread_blocked, id=2596, stack(0x0000004e48f00000,0x0000004e49000000) (1024K)]
  0x00000211a46ef400 JavaThread "Unconstrained build operations Thread 62"        [_thread_blocked, id=23040, stack(0x0000004e49000000,0x0000004e49100000) (1024K)]
  0x00000211a46ee6e0 JavaThread "Unconstrained build operations Thread 63"        [_thread_blocked, id=43844, stack(0x0000004e49100000,0x0000004e49200000) (1024K)]
  0x00000211a26948b0 JavaThread "Unconstrained build operations Thread 64"        [_thread_blocked, id=5984, stack(0x0000004e49300000,0x0000004e49400000) (1024K)]
  0x00000211a2691ac0 JavaThread "Unconstrained build operations Thread 65"        [_thread_blocked, id=32248, stack(0x0000004e49400000,0x0000004e49500000) (1024K)]
  0x00000211a26955d0 JavaThread "Unconstrained build operations Thread 66"        [_thread_blocked, id=29988, stack(0x0000004e49500000,0x0000004e49600000) (1024K)]
  0x00000211a2695c60 JavaThread "Unconstrained build operations Thread 67"        [_thread_blocked, id=43736, stack(0x0000004e49600000,0x0000004e49700000) (1024K)]
  0x00000211a26927e0 JavaThread "Unconstrained build operations Thread 68"        [_thread_blocked, id=32644, stack(0x0000004e49700000,0x0000004e49800000) (1024K)]
  0x00000211a26976a0 JavaThread "Unconstrained build operations Thread 69"        [_thread_blocked, id=21152, stack(0x0000004e49800000,0x0000004e49900000) (1024K)]
  0x00000211a26962f0 JavaThread "Unconstrained build operations Thread 70"        [_thread_blocked, id=42040, stack(0x0000004e49900000,0x0000004e49a00000) (1024K)]
  0x00000211a2696980 JavaThread "Unconstrained build operations Thread 71"        [_thread_blocked, id=36008, stack(0x0000004e49a00000,0x0000004e49b00000) (1024K)]
  0x00000211a2697010 JavaThread "Unconstrained build operations Thread 72"        [_thread_blocked, id=31308, stack(0x0000004e49b00000,0x0000004e49c00000) (1024K)]
  0x00000211a2ad9260 JavaThread "Unconstrained build operations Thread 73"        [_thread_blocked, id=24600, stack(0x0000004e49c00000,0x0000004e49d00000) (1024K)]
  0x00000211a5b32c60 JavaThread "Unconstrained build operations Thread 74"        [_thread_blocked, id=24256, stack(0x0000004e49d00000,0x0000004e49e00000) (1024K)]
  0x00000211a5b332f0 JavaThread "Unconstrained build operations Thread 75"        [_thread_blocked, id=16748, stack(0x0000004e49e00000,0x0000004e49f00000) (1024K)]
  0x00000211a5b325d0 JavaThread "Unconstrained build operations Thread 76"        [_thread_blocked, id=29932, stack(0x0000004e49f00000,0x0000004e4a000000) (1024K)]
  0x00000211a5b318b0 JavaThread "Unconstrained build operations Thread 77"        [_thread_blocked, id=11772, stack(0x0000004e4a000000,0x0000004e4a100000) (1024K)]
  0x00000211a5b31220 JavaThread "Unconstrained build operations Thread 78"        [_thread_blocked, id=20436, stack(0x0000004e4a100000,0x0000004e4a200000) (1024K)]
  0x00000211a5b33980 JavaThread "Unconstrained build operations Thread 79"        [_thread_blocked, id=17536, stack(0x0000004e4a200000,0x0000004e4a300000) (1024K)]
  0x00000211a5b30500 JavaThread "Unconstrained build operations Thread 80"        [_thread_blocked, id=30784, stack(0x0000004e4a300000,0x0000004e4a400000) (1024K)]
  0x00000211a5b34010 JavaThread "Unconstrained build operations Thread 81"        [_thread_blocked, id=11100, stack(0x0000004e4a400000,0x0000004e4a500000) (1024K)]
  0x00000211a5b31f40 JavaThread "Unconstrained build operations Thread 82"        [_thread_blocked, id=38072, stack(0x0000004e4a500000,0x0000004e4a600000) (1024K)]
  0x00000211a5b30b90 JavaThread "Unconstrained build operations Thread 83"        [_thread_blocked, id=39320, stack(0x0000004e4a600000,0x0000004e4a700000) (1024K)]
  0x00000211a5b35a50 JavaThread "Unconstrained build operations Thread 84"        [_thread_blocked, id=36724, stack(0x0000004e4a700000,0x0000004e4a800000) (1024K)]
  0x00000211a5b37490 JavaThread "Unconstrained build operations Thread 85"        [_thread_blocked, id=44376, stack(0x0000004e4a800000,0x0000004e4a900000) (1024K)]
  0x00000211a5b346a0 JavaThread "Unconstrained build operations Thread 86"        [_thread_blocked, id=35912, stack(0x0000004e4a900000,0x0000004e4aa00000) (1024K)]
  0x00000211a5b37b20 JavaThread "Unconstrained build operations Thread 87"        [_thread_blocked, id=27268, stack(0x0000004e4aa00000,0x0000004e4ab00000) (1024K)]
  0x00000211a3fedb90 JavaThread "Execution worker"                  [_thread_blocked, id=16092, stack(0x0000004e4bb00000,0x0000004e4bc00000) (1024K)]
  0x00000211a3ff23c0 JavaThread "Execution worker Thread 2"         [_thread_blocked, id=44940, stack(0x0000004e4bc00000,0x0000004e4bd00000) (1024K)]
  0x00000211a3ff16a0 JavaThread "Execution worker Thread 3"         [_thread_blocked, id=37668, stack(0x0000004e4bd00000,0x0000004e4be00000) (1024K)]
  0x00000211a3ff1d30 JavaThread "Execution worker Thread 4"         [_thread_blocked, id=45940, stack(0x0000004e4be00000,0x0000004e4bf00000) (1024K)]
  0x00000211a3ff2a50 JavaThread "Execution worker Thread 5"         [_thread_blocked, id=31936, stack(0x0000004e4bf00000,0x0000004e4c000000) (1024K)]
  0x00000211a3fef5d0 JavaThread "Execution worker Thread 6"         [_thread_blocked, id=40380, stack(0x0000004e4c000000,0x0000004e4c100000) (1024K)]
  0x00000211a3ff30e0 JavaThread "Execution worker Thread 7"         [_thread_blocked, id=39908, stack(0x0000004e4c100000,0x0000004e4c200000) (1024K)]
  0x00000211a3fefc60 JavaThread "Execution worker Thread 8"         [_thread_blocked, id=41588, stack(0x0000004e4c200000,0x0000004e4c300000) (1024K)]
  0x00000211a3ff3770 JavaThread "Execution worker Thread 9"         [_thread_blocked, id=21720, stack(0x0000004e4c300000,0x0000004e4c400000) (1024K)]
  0x00000211a3ff3e00 JavaThread "Execution worker Thread 10"        [_thread_blocked, id=23344, stack(0x0000004e4c400000,0x0000004e4c500000) (1024K)]
  0x00000211a3ff5ed0 JavaThread "Execution worker Thread 11"        [_thread_blocked, id=15304, stack(0x0000004e4c500000,0x0000004e4c600000) (1024K)]
  0x00000211a3ff4b20 JavaThread "Execution worker Thread 12"        [_thread_blocked, id=23772, stack(0x0000004e4c600000,0x0000004e4c700000) (1024K)]
  0x00000211a3ff4490 JavaThread "Execution worker Thread 13"        [_thread_blocked, id=37200, stack(0x0000004e4c700000,0x0000004e4c800000) (1024K)]
  0x00000211a3ff8630 JavaThread "Execution worker Thread 14"        [_thread_blocked, id=27688, stack(0x0000004e4c800000,0x0000004e4c900000) (1024K)]
  0x00000211a3ff5840 JavaThread "Execution worker Thread 15"        [_thread_blocked, id=15748, stack(0x0000004e4c900000,0x0000004e4ca00000) (1024K)]
  0x00000211a3ff51b0 JavaThread "Cache worker for execution history cache (C:\Users\chath\MindTrack\node_modules\@react-native\gradle-plugin\.gradle\9.3.1\executionHistory)"        [_thread_blocked, id=11448, stack(0x0000004e4ca00000,0x0000004e4cb00000) (1024K)]
  0x00000211a3ff8cc0 JavaThread "Cache worker for execution history cache (C:\Users\chath\MindTrack\node_modules\expo-modules-autolinking\android\expo-gradle-plugin\.gradle\9.3.1\executionHistory)"        [_thread_blocked, id=15716, stack(0x0000004e4cb00000,0x0000004e4cc00000) (1024K)]
  0x00000211a3ff7fa0 JavaThread "Unconstrained build operations Thread 88"        [_thread_blocked, id=10868, stack(0x0000004e4cc00000,0x0000004e4cd00000) (1024K)]
  0x00000211a3ff7280 JavaThread "Unconstrained build operations Thread 89"        [_thread_blocked, id=5864, stack(0x0000004e4cd00000,0x0000004e4ce00000) (1024K)]
  0x00000211a392a100 JavaThread "Unconstrained build operations Thread 90"        [_thread_blocked, id=4704, stack(0x0000004e4ce00000,0x0000004e4cf00000) (1024K)]
  0x00000211a3929a70 JavaThread "Unconstrained build operations Thread 91"        [_thread_blocked, id=7404, stack(0x0000004e4cf00000,0x0000004e4d000000) (1024K)]
  0x00000211a39279a0 JavaThread "Unconstrained build operations Thread 92"        [_thread_blocked, id=27224, stack(0x0000004e4d000000,0x0000004e4d100000) (1024K)]
  0x00000211a39293e0 JavaThread "Unconstrained build operations Thread 93"        [_thread_blocked, id=34576, stack(0x0000004e4d100000,0x0000004e4d200000) (1024K)]
  0x00000211a39286c0 JavaThread "Unconstrained build operations Thread 94"        [_thread_blocked, id=30380, stack(0x0000004e4d200000,0x0000004e4d300000) (1024K)]
  0x00000211a3926c80 JavaThread "Unconstrained build operations Thread 95"        [_thread_blocked, id=30088, stack(0x0000004e4d300000,0x0000004e4d400000) (1024K)]
  0x00000211a3927310 JavaThread "Unconstrained build operations Thread 96"        [_thread_blocked, id=22628, stack(0x0000004e4d400000,0x0000004e4d500000) (1024K)]
  0x00000211a392ae20 JavaThread "Unconstrained build operations Thread 97"        [_thread_blocked, id=30364, stack(0x0000004e4d500000,0x0000004e4d600000) (1024K)]
  0x00000211a392b4b0 JavaThread "Unconstrained build operations Thread 98"        [_thread_blocked, id=35784, stack(0x0000004e4d600000,0x0000004e4d700000) (1024K)]
  0x00000211a392bb40 JavaThread "Unconstrained build operations Thread 99"        [_thread_blocked, id=41980, stack(0x0000004e4d700000,0x0000004e4d800000) (1024K)]
  0x00000211a392c1d0 JavaThread "Unconstrained build operations Thread 100"        [_thread_blocked, id=4000, stack(0x0000004e4d800000,0x0000004e4d900000) (1024K)]
  0x00000211a3928d50 JavaThread "Unconstrained build operations Thread 101"        [_thread_blocked, id=18320, stack(0x0000004e4d900000,0x0000004e4da00000) (1024K)]
  0x00000211a392fce0 JavaThread "Unconstrained build operations Thread 102"        [_thread_blocked, id=12948, stack(0x0000004e4da00000,0x0000004e4db00000) (1024K)]
  0x00000211a392dc10 JavaThread "Unconstrained build operations Thread 103"        [_thread_blocked, id=2392, stack(0x0000004e4db00000,0x0000004e4dc00000) (1024K)]
  0x00000211a392e2a0 JavaThread "Unconstrained build operations Thread 104"        [_thread_blocked, id=30892, stack(0x0000004e4dc00000,0x0000004e4dd00000) (1024K)]
  0x00000211a392efc0 JavaThread "Unconstrained build operations Thread 105"        [_thread_blocked, id=31052, stack(0x0000004e4dd00000,0x0000004e4de00000) (1024K)]
  0x00000211a392d580 JavaThread "Unconstrained build operations Thread 106"        [_thread_blocked, id=27116, stack(0x0000004e4de00000,0x0000004e4df00000) (1024K)]
  0x00000211a392f650 JavaThread "Unconstrained build operations Thread 107"        [_thread_blocked, id=44236, stack(0x0000004e4df00000,0x0000004e4e000000) (1024K)]
  0x00000211a392e930 JavaThread "Unconstrained build operations Thread 108"        [_thread_blocked, id=21124, stack(0x0000004e4e000000,0x0000004e4e100000) (1024K)]
  0x00000211a392c860 JavaThread "Unconstrained build operations Thread 109"        [_thread_blocked, id=24360, stack(0x0000004e4e100000,0x0000004e4e200000) (1024K)]
  0x00000211a3930370 JavaThread "Unconstrained build operations Thread 110"        [_thread_blocked, id=37584, stack(0x0000004e4e200000,0x0000004e4e300000) (1024K)]
  0x00000211a392cef0 JavaThread "Unconstrained build operations Thread 111"        [_thread_blocked, id=37184, stack(0x0000004e4e300000,0x0000004e4e400000) (1024K)]
  0x00000211a3932ad0 JavaThread "Unconstrained build operations Thread 112"        [_thread_blocked, id=12892, stack(0x0000004e4e400000,0x0000004e4e500000) (1024K)]
  0x00000211a3933160 JavaThread "Unconstrained build operations Thread 113"        [_thread_blocked, id=19580, stack(0x0000004e4e500000,0x0000004e4e600000) (1024K)]
  0x00000211a3932440 JavaThread "Unconstrained build operations Thread 114"        [_thread_blocked, id=43400, stack(0x0000004e4e600000,0x0000004e4e700000) (1024K)]
  0x00000211a3930a00 JavaThread "Unconstrained build operations Thread 115"        [_thread_blocked, id=15432, stack(0x0000004e4e700000,0x0000004e4e800000) (1024K)]
  0x00000211a3933e80 JavaThread "Unconstrained build operations Thread 116"        [_thread_blocked, id=29704, stack(0x0000004e4e800000,0x0000004e4e900000) (1024K)]
  0x00000211a3934510 JavaThread "Unconstrained build operations Thread 117"        [_thread_blocked, id=31024, stack(0x0000004e4e900000,0x0000004e4ea00000) (1024K)]
  0x00000211a39337f0 JavaThread "Unconstrained build operations Thread 118"        [_thread_blocked, id=19300, stack(0x0000004e4ea00000,0x0000004e4eb00000) (1024K)]
  0x00000211a3931720 JavaThread "Unconstrained build operations Thread 119"        [_thread_blocked, id=7276, stack(0x0000004e4eb00000,0x0000004e4ec00000) (1024K)]
  0x00000211a3931090 JavaThread "Unconstrained build operations Thread 120"        [_thread_blocked, id=7784, stack(0x0000004e4ec00000,0x0000004e4ed00000) (1024K)]
  0x00000211a3934ba0 JavaThread "Unconstrained build operations Thread 121"        [_thread_blocked, id=27752, stack(0x0000004e4ed00000,0x0000004e4ee00000) (1024K)]
  0x00000211a3935230 JavaThread "Unconstrained build operations Thread 122"        [_thread_blocked, id=39520, stack(0x0000004e4ee00000,0x0000004e4ef00000) (1024K)]
  0x00000211a3931db0 JavaThread "Unconstrained build operations Thread 123"        [_thread_blocked, id=10456, stack(0x0000004e4ef00000,0x0000004e4f000000) (1024K)]
  0x00000211a3935f50 JavaThread "Unconstrained build operations Thread 124"        [_thread_blocked, id=32748, stack(0x0000004e4f000000,0x0000004e4f100000) (1024K)]
  0x00000211a4ee3290 JavaThread "Unconstrained build operations Thread 125"        [_thread_blocked, id=23992, stack(0x0000004e4f100000,0x0000004e4f200000) (1024K)]
  0x00000211a4ee11c0 JavaThread "Unconstrained build operations Thread 126"        [_thread_blocked, id=13780, stack(0x0000004e4f200000,0x0000004e4f300000) (1024K)]
  0x00000211a4ee4640 JavaThread "Unconstrained build operations Thread 127"        [_thread_blocked, id=32256, stack(0x0000004e4f300000,0x0000004e4f400000) (1024K)]
  0x00000211a4ee3920 JavaThread "Unconstrained build operations Thread 128"        [_thread_blocked, id=19720, stack(0x0000004e4f400000,0x0000004e4f500000) (1024K)]
  0x00000211a4ee2570 JavaThread "Unconstrained build operations Thread 129"        [_thread_blocked, id=22800, stack(0x0000004e4f500000,0x0000004e4f600000) (1024K)]
  0x00000211a4ee5360 JavaThread "Unconstrained build operations Thread 130"        [_thread_blocked, id=45872, stack(0x0000004e4f600000,0x0000004e4f700000) (1024K)]
  0x00000211a4ee4cd0 JavaThread "Unconstrained build operations Thread 131"        [_thread_blocked, id=38344, stack(0x0000004e4f700000,0x0000004e4f800000) (1024K)]
  0x00000211a4ee3fb0 JavaThread "Unconstrained build operations Thread 132"        [_thread_blocked, id=18000, stack(0x0000004e4f800000,0x0000004e4f900000) (1024K)]
  0x00000211a4ee1850 JavaThread "Unconstrained build operations Thread 133"        [_thread_blocked, id=15904, stack(0x0000004e4f900000,0x0000004e4fa00000) (1024K)]
  0x00000211a4ee1ee0 JavaThread "Unconstrained build operations Thread 134"        [_thread_blocked, id=14688, stack(0x0000004e4fa00000,0x0000004e4fb00000) (1024K)]
  0x00000211a4ee59f0 JavaThread "Unconstrained build operations Thread 135"        [_thread_blocked, id=42756, stack(0x0000004e4fb00000,0x0000004e4fc00000) (1024K)]
  0x00000211a4ee8150 JavaThread "Unconstrained build operations Thread 136"        [_thread_blocked, id=29452, stack(0x0000004e4fc00000,0x0000004e4fd00000) (1024K)]
  0x00000211a4ee87e0 JavaThread "Unconstrained build operations Thread 137"        [_thread_blocked, id=26848, stack(0x0000004e4fd00000,0x0000004e4fe00000) (1024K)]
  0x00000211a4ee7ac0 JavaThread "Unconstrained build operations Thread 138"        [_thread_blocked, id=32608, stack(0x0000004e4fe00000,0x0000004e4ff00000) (1024K)]
  0x00000211a4ee6da0 JavaThread "Unconstrained build operations Thread 139"        [_thread_blocked, id=23996, stack(0x0000004e4ff00000,0x0000004e50000000) (1024K)]
  0x00000211a4ee8e70 JavaThread "Unconstrained build operations Thread 140"        [_thread_blocked, id=20172, stack(0x0000004e50000000,0x0000004e50100000) (1024K)]
  0x00000211a4ee6080 JavaThread "Unconstrained build operations Thread 141"        [_thread_blocked, id=20192, stack(0x0000004e50100000,0x0000004e50200000) (1024K)]
  0x00000211a4ee7430 JavaThread "Unconstrained build operations Thread 142"        [_thread_blocked, id=9544, stack(0x0000004e50200000,0x0000004e50300000) (1024K)]
  0x00000211a4ee9500 JavaThread "Unconstrained build operations Thread 143"        [_thread_blocked, id=29656, stack(0x0000004e50300000,0x0000004e50400000) (1024K)]
  0x00000211a4ee9b90 JavaThread "Unconstrained build operations Thread 144"        [_thread_blocked, id=15532, stack(0x0000004e50400000,0x0000004e50500000) (1024K)]
  0x00000211a4ee6710 JavaThread "Unconstrained build operations Thread 145"        [_thread_blocked, id=16592, stack(0x0000004e50500000,0x0000004e50600000) (1024K)]
  0x00000211a4eea8b0 JavaThread "Unconstrained build operations Thread 146"        [_thread_blocked, id=22740, stack(0x0000004e50600000,0x0000004e50700000) (1024K)]
  0x00000211a4eed010 JavaThread "Unconstrained build operations Thread 147"        [_thread_blocked, id=22052, stack(0x0000004e50700000,0x0000004e50800000) (1024K)]
  0x00000211a4eec980 JavaThread "Unconstrained build operations Thread 148"        [_thread_blocked, id=1104, stack(0x0000004e50800000,0x0000004e50900000) (1024K)]
  0x00000211a4eed6a0 JavaThread "Unconstrained build operations Thread 149"        [_thread_blocked, id=42916, stack(0x0000004e50900000,0x0000004e50a00000) (1024K)]
  0x00000211a4eee3c0 JavaThread "WorkerExecutor Queue"              [_thread_blocked, id=33972, stack(0x0000004e50a00000,0x0000004e50b00000) (1024K)]
  0x00000211a4eeea50 JavaThread "RMI Scheduler(0)"           daemon [_thread_blocked, id=24748, stack(0x0000004e44f00000,0x0000004e45000000) (1024K)]
  0x00000211a4eef0e0 JavaThread "RMI GC Daemon"              daemon [_thread_blocked, id=19516, stack(0x0000004e50c00000,0x0000004e50d00000) (1024K)]
  0x00000211a4eef770 JavaThread "RMI TCP Accept-0"           daemon [_thread_in_native, id=28680, stack(0x0000004e50d00000,0x0000004e50e00000) (1024K)]
  0x00000211a4eec2f0 JavaThread "RMI Reaper"                        [_thread_blocked, id=33144, stack(0x0000004e50e00000,0x0000004e50f00000) (1024K)]
  0x00000211a2063dd0 JavaThread "Unconstrained build operations Thread 150"        [_thread_blocked, id=29024, stack(0x0000004e42500000,0x0000004e42600000) (1024K)]
  0x00000211a2064460 JavaThread "Unconstrained build operations Thread 151"        [_thread_blocked, id=4524, stack(0x0000004e44900000,0x0000004e44a00000) (1024K)]
  0x00000211a3ff9350 JavaThread "Unconstrained build operations Thread 152"        [_thread_blocked, id=37460, stack(0x0000004e44d00000,0x0000004e44e00000) (1024K)]
  0x00000211a3ff7910 JavaThread "Unconstrained build operations Thread 153"        [_thread_blocked, id=31480, stack(0x0000004e51000000,0x0000004e51100000) (1024K)]
  0x00000211a39358c0 JavaThread "Unconstrained build operations Thread 154"        [_thread_blocked, id=42648, stack(0x0000004e51100000,0x0000004e51200000) (1024K)]
  0x00000211a2690da0 JavaThread "Unconstrained build operations Thread 155"        [_thread_blocked, id=2752, stack(0x0000004e51400000,0x0000004e51500000) (1024K)]
  0x00000211a2ad98f0 JavaThread "Unconstrained build operations Thread 156"        [_thread_blocked, id=16320, stack(0x0000004e51500000,0x0000004e51600000) (1024K)]
  0x00000211a57dbd90 JavaThread "Unconstrained build operations Thread 157"        [_thread_blocked, id=28436, stack(0x0000004e51600000,0x0000004e51700000) (1024K)]
  0x00000211a57dc420 JavaThread "Unconstrained build operations Thread 158"        [_thread_blocked, id=33580, stack(0x0000004e51700000,0x0000004e51800000) (1024K)]
  0x00000211a57dde60 JavaThread "Unconstrained build operations Thread 159"        [_thread_blocked, id=45484, stack(0x0000004e51800000,0x0000004e51900000) (1024K)]
  0x00000211a57dcab0 JavaThread "Unconstrained build operations Thread 160"        [_thread_blocked, id=45848, stack(0x0000004e51900000,0x0000004e51a00000) (1024K)]
  0x00000211a57de4f0 JavaThread "WorkerExecutor Queue Thread 2"        [_thread_blocked, id=32368, stack(0x0000004e51a00000,0x0000004e51b00000) (1024K)]
  0x00000211a57deb80 JavaThread "jar transforms Thread 2"           [_thread_blocked, id=3100, stack(0x0000004e4ad00000,0x0000004e4ae00000) (1024K)]
  0x00000211a57e05c0 JavaThread "Cache worker for Build Output Cleanup Cache (C:\Users\chath\MindTrack\node_modules\expo\node_modules\expo-modules-core\expo-module-gradle-plugin\.gradle\buildOutputCleanup)"        [_thread_blocked, id=39728, stack(0x0000004e4ae00000,0x0000004e4af00000) (1024K)]
  0x00000211a57e6830 JavaThread "build event listener"              [_thread_blocked, id=38316, stack(0x0000004e4b100000,0x0000004e4b200000) (1024K)]
  0x00000211a57e5b10 JavaThread "jar transforms Thread 3"           [_thread_blocked, id=43244, stack(0x0000004e4b200000,0x0000004e4b300000) (1024K)]
  0x00000211a57e40d0 JavaThread "Cache worker for execution history cache (C:\Users\chath\MindTrack\node_modules\expo\node_modules\expo-modules-core\expo-module-gradle-plugin\.gradle\9.3.1\executionHistory)"        [_thread_blocked, id=7944, stack(0x0000004e4b500000,0x0000004e4b600000) (1024K)]
  0x00000211a57e9620 JavaThread "WorkerExecutor Queue Thread 3"        [_thread_blocked, id=1484, stack(0x0000004e4b600000,0x0000004e4b700000) (1024K)]
  0x00000211a57e8900 JavaThread "WorkerExecutor Queue Thread 4"        [_thread_blocked, id=39568, stack(0x0000004e4b700000,0x0000004e4b800000) (1024K)]
  0x00000211a3fec7e0 JavaThread "WorkerExecutor Queue Thread 5"        [_thread_blocked, id=10644, stack(0x0000004e4af00000,0x0000004e4b000000) (1024K)]
  0x00000211a3feef40 JavaThread "jar transforms Thread 4"           [_thread_blocked, id=20176, stack(0x0000004e4b000000,0x0000004e4b100000) (1024K)]
  0x00000211a3ff1010 JavaThread "jar transforms Thread 5"           [_thread_blocked, id=40440, stack(0x0000004e4b400000,0x0000004e4b500000) (1024K)]
  0x00000211a3ff6bf0 JavaThread "jar transforms Thread 6"           [_thread_blocked, id=30248, stack(0x0000004e4b800000,0x0000004e4b900000) (1024K)]
  0x00000211a57e9cb0 JavaThread "build event listener"              [_thread_blocked, id=45772, stack(0x0000004e4b900000,0x0000004e4ba00000) (1024K)]
  0x00000211a4bd3690 JavaThread "C2 CompilerThread1"         daemon [_thread_blocked, id=16584, stack(0x0000004e45000000,0x0000004e45100000) (1024K)]
Total: 234

Other Threads:
  0x00000211ff451e20 VMThread "VM Thread"                           [id=36244, stack(0x0000004e41c00000,0x0000004e41d00000) (1024K)]
  0x00000211ff43fd60 WatcherThread "VM Periodic Task Thread"        [id=45312, stack(0x0000004e41b00000,0x0000004e41c00000) (1024K)]
  0x00000211e1b59c90 WorkerThread "GC Thread#0"                     [id=16672, stack(0x0000004e41600000,0x0000004e41700000) (1024K)]
  0x000002119f47f450 WorkerThread "GC Thread#1"                     [id=43720, stack(0x0000004e42800000,0x0000004e42900000) (1024K)]
  0x000002119f58fe70 WorkerThread "GC Thread#2"                     [id=7416, stack(0x0000004e42900000,0x0000004e42a00000) (1024K)]
  0x000002119f590220 WorkerThread "GC Thread#3"                     [id=39844, stack(0x0000004e42a00000,0x0000004e42b00000) (1024K)]
  0x000002119fcbbb50 WorkerThread "GC Thread#4"                     [id=2660, stack(0x0000004e42b00000,0x0000004e42c00000) (1024K)]
  0x000002119fcbc660 WorkerThread "GC Thread#5"                     [id=26548, stack(0x0000004e42d00000,0x0000004e42e00000) (1024K)]
  0x00000211a0d96e40 WorkerThread "GC Thread#6"                     [id=33008, stack(0x0000004e43800000,0x0000004e43900000) (1024K)]
  0x00000211a0d94200 WorkerThread "GC Thread#7"                     [id=15968, stack(0x0000004e43900000,0x0000004e43a00000) (1024K)]
  0x00000211a0d950c0 WorkerThread "GC Thread#8"                     [id=12184, stack(0x0000004e43a00000,0x0000004e43b00000) (1024K)]
  0x00000211a0d966e0 WorkerThread "GC Thread#9"                     [id=44820, stack(0x0000004e43b00000,0x0000004e43c00000) (1024K)]
  0x00000211a0d94960 WorkerThread "GC Thread#10"                    [id=34624, stack(0x0000004e43c00000,0x0000004e43d00000) (1024K)]
  0x00000211a0d94d10 WorkerThread "GC Thread#11"                    [id=9096, stack(0x0000004e43d00000,0x0000004e43e00000) (1024K)]
  0x00000211a0d95470 WorkerThread "GC Thread#12"                    [id=7348, stack(0x0000004e43e00000,0x0000004e43f00000) (1024K)]
  0x00000211e1b6fc00 ConcurrentGCThread "G1 Main Marker"            [id=17704, stack(0x0000004e41700000,0x0000004e41800000) (1024K)]
  0x00000211e1b72c50 WorkerThread "G1 Conc#0"                       [id=45164, stack(0x0000004e41800000,0x0000004e41900000) (1024K)]
  0x00000211a0d971f0 WorkerThread "G1 Conc#1"                       [id=44296, stack(0x0000004e44100000,0x0000004e44200000) (1024K)]
  0x00000211a0d95bd0 WorkerThread "G1 Conc#2"                       [id=7240, stack(0x0000004e44200000,0x0000004e44300000) (1024K)]
  0x00000211ff311f10 ConcurrentGCThread "G1 Refine#0"               [id=25732, stack(0x0000004e41900000,0x0000004e41a00000) (1024K)]
  0x00000211e1b2afb0 ConcurrentGCThread "G1 Service"                [id=29616, stack(0x0000004e41a00000,0x0000004e41b00000) (1024K)]
Total: 21

Threads with active compile tasks:
C2 CompilerThread0  392121 17439       4       org.gradle.internal.operations.DefaultBuildOperationRunner::execute (147 bytes)
Total: 1

VM state: not at safepoint (normal execution)

VM Mutex/Monitor currently owned by a thread: None

Heap address: 0x0000000080000000, size: 2048 MB, Compressed Oops mode: 32-bit

CDS archive(s) mapped at: [0x0000021180000000-0x0000021180d70000-0x0000021180d70000), size 14090240, SharedBaseAddress: 0x0000021180000000, ArchiveRelocationMode: 1.
Compressed class space mapped at: 0x0000021181000000-0x000002119b000000, reserved size: 436207616
Narrow klass base: 0x0000021180000000, Narrow klass shift: 0, Narrow klass range: 0x1b000000

GC Precious Log:
 CardTable entry size: 512
 Card Set container configuration: InlinePtr #cards 5 size 8 Array Of Cards #cards 10 size 36 Howl #buckets 4 coarsen threshold 1843 Howl Bitmap #cards 512 size 80 coarsen threshold 460 Card regions per heap region 1 cards per card region 2048
 CPUs: 16 total, 16 available
 Memory: 7514M
 Large Page Support: Disabled
 NUMA Support: Disabled
 Compressed Oops: Enabled (32-bit)
 Heap Region Size: 1M
 Heap Min Capacity: 8M
 Heap Initial Capacity: 118M
 Heap Max Capacity: 2G
 Pre-touch: Disabled
 Parallel Workers: 13
 Concurrent Workers: 3
 Concurrent Refinement Workers: 13
 Periodic GC: Disabled

Heap:
 garbage-first heap   total reserved 2097152K, committed 229376K, used 190479K [0x0000000080000000, 0x0000000100000000)
  region size 1024K, 57 young (58368K), 3 survivors (3072K)
 Metaspace       used 106812K, committed 109568K, reserved 557056K
  class space    used 15360K, committed 16704K, reserved 425984K

Heap Regions: E=young(eden), S=young(survivor), O=old, HS=humongous(starts), HC=humongous(continues), CS=collection set, F=free, TAMS=top-at-mark-start, PB=parsable bottom
|   0|0x0000000080000000, 0x0000000080100000, 0x0000000080100000|100%|HS|  |TAMS 0x0000000080000000| PB 0x0000000080000000| Complete |  0
|   1|0x0000000080100000, 0x0000000080200000, 0x0000000080200000|100%|HC|  |TAMS 0x0000000080100000| PB 0x0000000080100000| Complete |  0
|   2|0x0000000080200000, 0x0000000080300000, 0x0000000080300000|100%|HC|  |TAMS 0x0000000080200000| PB 0x0000000080200000| Complete |  0
|   3|0x0000000080300000, 0x0000000080400000, 0x0000000080400000|100%|HC|  |TAMS 0x0000000080300000| PB 0x0000000080300000| Complete |  0
|   4|0x0000000080400000, 0x0000000080500000, 0x0000000080500000|100%| O|  |TAMS 0x0000000080400000| PB 0x0000000080400000| Untracked |  0
|   5|0x0000000080500000, 0x0000000080600000, 0x0000000080600000|100%| O|  |TAMS 0x0000000080500000| PB 0x0000000080500000| Untracked |  0
|   6|0x0000000080600000, 0x0000000080700000, 0x0000000080700000|100%| O|  |TAMS 0x0000000080600000| PB 0x0000000080600000| Untracked |  0
|   7|0x0000000080700000, 0x0000000080800000, 0x0000000080800000|100%| O|  |TAMS 0x0000000080700000| PB 0x0000000080700000| Untracked |  0
|   8|0x0000000080800000, 0x0000000080900000, 0x0000000080900000|100%| O|  |TAMS 0x0000000080800000| PB 0x0000000080800000| Untracked |  0
|   9|0x0000000080900000, 0x0000000080a00000, 0x0000000080a00000|100%|HS|  |TAMS 0x0000000080900000| PB 0x0000000080900000| Complete |  0
|  10|0x0000000080a00000, 0x0000000080b00000, 0x0000000080b00000|100%| O|  |TAMS 0x0000000080a00000| PB 0x0000000080a00000| Untracked |  0
|  11|0x0000000080b00000, 0x0000000080c00000, 0x0000000080c00000|100%| O|  |TAMS 0x0000000080b00000| PB 0x0000000080b00000| Untracked |  0
|  12|0x0000000080c00000, 0x0000000080d00000, 0x0000000080d00000|100%| O|  |TAMS 0x0000000080c00000| PB 0x0000000080c00000| Untracked |  0
|  13|0x0000000080d00000, 0x0000000080e00000, 0x0000000080e00000|100%| O|  |TAMS 0x0000000080d00000| PB 0x0000000080d00000| Untracked |  0
|  14|0x0000000080e00000, 0x0000000080f00000, 0x0000000080f00000|100%| O|  |TAMS 0x0000000080e00000| PB 0x0000000080e00000| Untracked |  0
|  15|0x0000000080f00000, 0x0000000081000000, 0x0000000081000000|100%| O|  |TAMS 0x0000000080f00000| PB 0x0000000080f00000| Untracked |  0
|  16|0x0000000081000000, 0x0000000081100000, 0x0000000081100000|100%| O|  |TAMS 0x0000000081000000| PB 0x0000000081000000| Untracked |  0
|  17|0x0000000081100000, 0x0000000081200000, 0x0000000081200000|100%| O|  |TAMS 0x0000000081100000| PB 0x0000000081100000| Untracked |  0
|  18|0x0000000081200000, 0x0000000081300000, 0x0000000081300000|100%| O|  |TAMS 0x0000000081200000| PB 0x0000000081200000| Untracked |  0
|  19|0x0000000081300000, 0x0000000081400000, 0x0000000081400000|100%| O|  |TAMS 0x0000000081300000| PB 0x0000000081300000| Untracked |  0
|  20|0x0000000081400000, 0x0000000081500000, 0x0000000081500000|100%| O|  |TAMS 0x0000000081400000| PB 0x0000000081400000| Untracked |  0
|  21|0x0000000081500000, 0x0000000081600000, 0x0000000081600000|100%| O|  |TAMS 0x0000000081500000| PB 0x0000000081500000| Untracked |  0
|  22|0x0000000081600000, 0x0000000081700000, 0x0000000081700000|100%| O|  |TAMS 0x0000000081600000| PB 0x0000000081600000| Untracked |  0
|  23|0x0000000081700000, 0x0000000081800000, 0x0000000081800000|100%| O|  |TAMS 0x0000000081700000| PB 0x0000000081700000| Untracked |  0
|  24|0x0000000081800000, 0x0000000081900000, 0x0000000081900000|100%| O|  |TAMS 0x0000000081800000| PB 0x0000000081800000| Untracked |  0
|  25|0x0000000081900000, 0x0000000081a00000, 0x0000000081a00000|100%| O|  |TAMS 0x0000000081900000| PB 0x0000000081900000| Untracked |  0
|  26|0x0000000081a00000, 0x0000000081b00000, 0x0000000081b00000|100%| O|  |TAMS 0x0000000081a00000| PB 0x0000000081a00000| Untracked |  0
|  27|0x0000000081b00000, 0x0000000081c00000, 0x0000000081c00000|100%| O|  |TAMS 0x0000000081b00000| PB 0x0000000081b00000| Untracked |  0
|  28|0x0000000081c00000, 0x0000000081d00000, 0x0000000081d00000|100%| O|  |TAMS 0x0000000081c00000| PB 0x0000000081c00000| Untracked |  0
|  29|0x0000000081d00000, 0x0000000081e00000, 0x0000000081e00000|100%| O|  |TAMS 0x0000000081d00000| PB 0x0000000081d00000| Untracked |  0
|  30|0x0000000081e00000, 0x0000000081f00000, 0x0000000081f00000|100%| O|  |TAMS 0x0000000081e00000| PB 0x0000000081e00000| Untracked |  0
|  31|0x0000000081f00000, 0x0000000082000000, 0x0000000082000000|100%| O|  |TAMS 0x0000000081f00000| PB 0x0000000081f00000| Untracked |  0
|  32|0x0000000082000000, 0x0000000082100000, 0x0000000082100000|100%| O|  |TAMS 0x0000000082000000| PB 0x0000000082000000| Untracked |  0
|  33|0x0000000082100000, 0x0000000082200000, 0x0000000082200000|100%| O|  |TAMS 0x0000000082100000| PB 0x0000000082100000| Untracked |  0
|  34|0x0000000082200000, 0x0000000082300000, 0x0000000082300000|100%| O|  |TAMS 0x0000000082200000| PB 0x0000000082200000| Untracked |  0
|  35|0x0000000082300000, 0x0000000082400000, 0x0000000082400000|100%| O|  |TAMS 0x0000000082300000| PB 0x0000000082300000| Untracked |  0
|  36|0x0000000082400000, 0x0000000082500000, 0x0000000082500000|100%| O|  |TAMS 0x0000000082400000| PB 0x0000000082400000| Untracked |  0
|  37|0x0000000082500000, 0x0000000082600000, 0x0000000082600000|100%| O|  |TAMS 0x0000000082500000| PB 0x0000000082500000| Untracked |  0
|  38|0x0000000082600000, 0x0000000082700000, 0x0000000082700000|100%| O|  |TAMS 0x0000000082600000| PB 0x0000000082600000| Untracked |  0
|  39|0x0000000082700000, 0x0000000082800000, 0x0000000082800000|100%| O|  |TAMS 0x0000000082700000| PB 0x0000000082700000| Untracked |  0
|  40|0x0000000082800000, 0x0000000082900000, 0x0000000082900000|100%| O|  |TAMS 0x0000000082800000| PB 0x0000000082800000| Untracked |  0
|  41|0x0000000082900000, 0x0000000082a00000, 0x0000000082a00000|100%| O|  |TAMS 0x0000000082900000| PB 0x0000000082900000| Untracked |  0
|  42|0x0000000082a00000, 0x0000000082b00000, 0x0000000082b00000|100%|HS|  |TAMS 0x0000000082a00000| PB 0x0000000082a00000| Complete |  0
|  43|0x0000000082b00000, 0x0000000082c00000, 0x0000000082c00000|100%|HC|  |TAMS 0x0000000082b00000| PB 0x0000000082b00000| Complete |  0
|  44|0x0000000082c00000, 0x0000000082d00000, 0x0000000082d00000|100%|HC|  |TAMS 0x0000000082c00000| PB 0x0000000082c00000| Complete |  0
|  45|0x0000000082d00000, 0x0000000082e00000, 0x0000000082e00000|100%|HS|  |TAMS 0x0000000082d00000| PB 0x0000000082d00000| Complete |  0
|  46|0x0000000082e00000, 0x0000000082f00000, 0x0000000082f00000|100%|HC|  |TAMS 0x0000000082e00000| PB 0x0000000082e00000| Complete |  0
|  47|0x0000000082f00000, 0x0000000083000000, 0x0000000083000000|100%|HC|  |TAMS 0x0000000082f00000| PB 0x0000000082f00000| Complete |  0
|  48|0x0000000083000000, 0x0000000083100000, 0x0000000083100000|100%| O|  |TAMS 0x0000000083000000| PB 0x0000000083000000| Untracked |  0
|  49|0x0000000083100000, 0x0000000083200000, 0x0000000083200000|100%| O|  |TAMS 0x0000000083100000| PB 0x0000000083100000| Untracked |  0
|  50|0x0000000083200000, 0x0000000083300000, 0x0000000083300000|100%| O|  |TAMS 0x0000000083200000| PB 0x0000000083200000| Untracked |  0
|  51|0x0000000083300000, 0x0000000083400000, 0x0000000083400000|100%| O|  |TAMS 0x0000000083300000| PB 0x0000000083300000| Untracked |  0
|  52|0x0000000083400000, 0x0000000083500000, 0x0000000083500000|100%| O|  |TAMS 0x0000000083400000| PB 0x0000000083400000| Untracked |  0
|  53|0x0000000083500000, 0x0000000083600000, 0x0000000083600000|100%| O|  |TAMS 0x0000000083500000| PB 0x0000000083500000| Untracked |  0
|  54|0x0000000083600000, 0x0000000083700000, 0x0000000083700000|100%| O|  |TAMS 0x0000000083600000| PB 0x0000000083600000| Untracked |  0
|  55|0x0000000083700000, 0x0000000083800000, 0x0000000083800000|100%| O|  |TAMS 0x0000000083700000| PB 0x0000000083700000| Untracked |  0
|  56|0x0000000083800000, 0x0000000083900000, 0x0000000083900000|100%| O|  |TAMS 0x0000000083800000| PB 0x0000000083800000| Untracked |  0
|  57|0x0000000083900000, 0x0000000083a00000, 0x0000000083a00000|100%| O|  |TAMS 0x0000000083900000| PB 0x0000000083900000| Untracked |  0
|  58|0x0000000083a00000, 0x0000000083b00000, 0x0000000083b00000|100%| O|  |TAMS 0x0000000083a00000| PB 0x0000000083a00000| Untracked |  0
|  59|0x0000000083b00000, 0x0000000083c00000, 0x0000000083c00000|100%| O|  |TAMS 0x0000000083b00000| PB 0x0000000083b00000| Untracked |  0
|  60|0x0000000083c00000, 0x0000000083d00000, 0x0000000083d00000|100%| O|  |TAMS 0x0000000083c00000| PB 0x0000000083c00000| Untracked |  0
|  61|0x0000000083d00000, 0x0000000083e00000, 0x0000000083e00000|100%| O|Cm|TAMS 0x0000000083d00000| PB 0x0000000083d00000| Complete |  0
|  62|0x0000000083e00000, 0x0000000083f00000, 0x0000000083f00000|100%| O|  |TAMS 0x0000000083e00000| PB 0x0000000083e00000| Untracked |  0
|  63|0x0000000083f00000, 0x0000000084000000, 0x0000000084000000|100%| O|  |TAMS 0x0000000083f00000| PB 0x0000000083f00000| Untracked |  0
|  64|0x0000000084000000, 0x0000000084100000, 0x0000000084100000|100%| O|  |TAMS 0x0000000084000000| PB 0x0000000084000000| Untracked |  0
|  65|0x0000000084100000, 0x0000000084200000, 0x0000000084200000|100%| O|  |TAMS 0x0000000084100000| PB 0x0000000084100000| Untracked |  0
|  66|0x0000000084200000, 0x0000000084300000, 0x0000000084300000|100%| O|  |TAMS 0x0000000084200000| PB 0x0000000084200000| Untracked |  0
|  67|0x0000000084300000, 0x0000000084400000, 0x0000000084400000|100%| O|  |TAMS 0x0000000084300000| PB 0x0000000084300000| Untracked |  0
|  68|0x0000000084400000, 0x0000000084500000, 0x0000000084500000|100%| O|  |TAMS 0x0000000084400000| PB 0x0000000084400000| Untracked |  0
|  69|0x0000000084500000, 0x0000000084600000, 0x0000000084600000|100%| O|  |TAMS 0x0000000084500000| PB 0x0000000084500000| Untracked |  0
|  70|0x0000000084600000, 0x0000000084700000, 0x0000000084700000|100%| O|  |TAMS 0x0000000084600000| PB 0x0000000084600000| Untracked |  0
|  71|0x0000000084700000, 0x0000000084800000, 0x0000000084800000|100%| O|  |TAMS 0x0000000084700000| PB 0x0000000084700000| Untracked |  0
|  72|0x0000000084800000, 0x0000000084900000, 0x0000000084900000|100%| O|  |TAMS 0x0000000084800000| PB 0x0000000084800000| Untracked |  0
|  73|0x0000000084900000, 0x0000000084a00000, 0x0000000084a00000|100%| O|Cm|TAMS 0x0000000084900000| PB 0x0000000084900000| Complete |  0
|  74|0x0000000084a00000, 0x0000000084b00000, 0x0000000084b00000|100%| O|  |TAMS 0x0000000084a00000| PB 0x0000000084a00000| Untracked |  0
|  75|0x0000000084b00000, 0x0000000084c00000, 0x0000000084c00000|100%| O|  |TAMS 0x0000000084b00000| PB 0x0000000084b00000| Untracked |  0
|  76|0x0000000084c00000, 0x0000000084d00000, 0x0000000084d00000|100%| O|  |TAMS 0x0000000084c00000| PB 0x0000000084c00000| Untracked |  0
|  77|0x0000000084d00000, 0x0000000084e00000, 0x0000000084e00000|100%| O|  |TAMS 0x0000000084d00000| PB 0x0000000084d00000| Untracked |  0
|  78|0x0000000084e00000, 0x0000000084f00000, 0x0000000084f00000|100%| O|  |TAMS 0x0000000084e00000| PB 0x0000000084e00000| Untracked |  0
|  79|0x0000000084f00000, 0x0000000085000000, 0x0000000085000000|100%| O|  |TAMS 0x0000000084f00000| PB 0x0000000084f00000| Untracked |  0
|  80|0x0000000085000000, 0x0000000085100000, 0x0000000085100000|100%| O|  |TAMS 0x0000000085000000| PB 0x0000000085000000| Untracked |  0
|  81|0x0000000085100000, 0x0000000085200000, 0x0000000085200000|100%|HS|  |TAMS 0x0000000085100000| PB 0x0000000085100000| Complete |  0
|  82|0x0000000085200000, 0x0000000085300000, 0x0000000085300000|100%| O|Cm|TAMS 0x0000000085200000| PB 0x0000000085200000| Complete |  0
|  83|0x0000000085300000, 0x0000000085400000, 0x0000000085400000|100%| O|  |TAMS 0x0000000085300000| PB 0x0000000085300000| Untracked |  0
|  84|0x0000000085400000, 0x0000000085500000, 0x0000000085500000|100%| O|  |TAMS 0x0000000085400000| PB 0x0000000085400000| Untracked |  0
|  85|0x0000000085500000, 0x0000000085600000, 0x0000000085600000|100%| O|  |TAMS 0x0000000085500000| PB 0x0000000085500000| Untracked |  0
|  86|0x0000000085600000, 0x0000000085700000, 0x0000000085700000|100%| O|  |TAMS 0x0000000085600000| PB 0x0000000085600000| Untracked |  0
|  87|0x0000000085700000, 0x0000000085800000, 0x0000000085800000|100%| O|  |TAMS 0x0000000085700000| PB 0x0000000085700000| Untracked |  0
|  88|0x0000000085800000, 0x0000000085900000, 0x0000000085900000|100%| O|  |TAMS 0x0000000085800000| PB 0x0000000085800000| Untracked |  0
|  89|0x0000000085900000, 0x0000000085a00000, 0x0000000085a00000|100%| O|  |TAMS 0x0000000085900000| PB 0x0000000085900000| Untracked |  0
|  90|0x0000000085a00000, 0x0000000085b00000, 0x0000000085b00000|100%| O|  |TAMS 0x0000000085a00000| PB 0x0000000085a00000| Untracked |  0
|  91|0x0000000085b00000, 0x0000000085c00000, 0x0000000085c00000|100%| O|  |TAMS 0x0000000085b00000| PB 0x0000000085b00000| Untracked |  0
|  92|0x0000000085c00000, 0x0000000085d00000, 0x0000000085d00000|100%| O|Cm|TAMS 0x0000000085c00000| PB 0x0000000085c00000| Complete |  0
|  93|0x0000000085d00000, 0x0000000085e00000, 0x0000000085e00000|100%| O|  |TAMS 0x0000000085d00000| PB 0x0000000085d00000| Untracked |  0
|  94|0x0000000085e00000, 0x0000000085f00000, 0x0000000085f00000|100%| O|  |TAMS 0x0000000085e00000| PB 0x0000000085e00000| Untracked |  0
|  95|0x0000000085f00000, 0x0000000086000000, 0x0000000086000000|100%| O|  |TAMS 0x0000000085f00000| PB 0x0000000085f00000| Untracked |  0
|  96|0x0000000086000000, 0x0000000086100000, 0x0000000086100000|100%| O|  |TAMS 0x0000000086000000| PB 0x0000000086000000| Untracked |  0
|  97|0x0000000086100000, 0x0000000086200000, 0x0000000086200000|100%| O|  |TAMS 0x0000000086100000| PB 0x0000000086100000| Untracked |  0
|  98|0x0000000086200000, 0x0000000086300000, 0x0000000086300000|100%| O|  |TAMS 0x0000000086200000| PB 0x0000000086200000| Untracked |  0
|  99|0x0000000086300000, 0x0000000086400000, 0x0000000086400000|100%| O|  |TAMS 0x0000000086300000| PB 0x0000000086300000| Untracked |  0
| 100|0x0000000086400000, 0x0000000086500000, 0x0000000086500000|100%| O|  |TAMS 0x0000000086400000| PB 0x0000000086400000| Untracked |  0
| 101|0x0000000086500000, 0x0000000086600000, 0x0000000086600000|100%| O|  |TAMS 0x0000000086500000| PB 0x0000000086500000| Untracked |  0
| 102|0x0000000086600000, 0x0000000086700000, 0x0000000086700000|100%|HS|  |TAMS 0x0000000086600000| PB 0x0000000086600000| Complete |  0
| 103|0x0000000086700000, 0x0000000086800000, 0x0000000086800000|100%|HS|  |TAMS 0x0000000086700000| PB 0x0000000086700000| Complete |  0
| 104|0x0000000086800000, 0x0000000086900000, 0x0000000086900000|100%|HS|  |TAMS 0x0000000086800000| PB 0x0000000086800000| Complete |  0
| 105|0x0000000086900000, 0x0000000086a00000, 0x0000000086a00000|100%|HS|  |TAMS 0x0000000086900000| PB 0x0000000086900000| Complete |  0
| 106|0x0000000086a00000, 0x0000000086b00000, 0x0000000086b00000|100%|HS|  |TAMS 0x0000000086a00000| PB 0x0000000086a00000| Complete |  0
| 107|0x0000000086b00000, 0x0000000086c00000, 0x0000000086c00000|100%| O|  |TAMS 0x0000000086b00000| PB 0x0000000086b00000| Untracked |  0
| 108|0x0000000086c00000, 0x0000000086d00000, 0x0000000086d00000|100%| O|  |TAMS 0x0000000086c00000| PB 0x0000000086c00000| Untracked |  0
| 109|0x0000000086d00000, 0x0000000086e00000, 0x0000000086e00000|100%| O|  |TAMS 0x0000000086d00000| PB 0x0000000086d00000| Untracked |  0
| 110|0x0000000086e00000, 0x0000000086f00000, 0x0000000086f00000|100%| O|  |TAMS 0x0000000086e00000| PB 0x0000000086e00000| Untracked |  0
| 111|0x0000000086f00000, 0x0000000087000000, 0x0000000087000000|100%| O|  |TAMS 0x0000000086f00000| PB 0x0000000086f00000| Untracked |  0
| 112|0x0000000087000000, 0x0000000087100000, 0x0000000087100000|100%| O|  |TAMS 0x0000000087000000| PB 0x0000000087000000| Untracked |  0
| 113|0x0000000087100000, 0x0000000087200000, 0x0000000087200000|100%| O|Cm|TAMS 0x0000000087100000| PB 0x0000000087100000| Complete |  0
| 114|0x0000000087200000, 0x0000000087300000, 0x0000000087300000|100%| O|  |TAMS 0x0000000087200000| PB 0x0000000087200000| Untracked |  0
| 115|0x0000000087300000, 0x0000000087400000, 0x0000000087400000|100%| O|  |TAMS 0x0000000087300000| PB 0x0000000087300000| Untracked |  0
| 116|0x0000000087400000, 0x0000000087500000, 0x0000000087500000|100%| O|  |TAMS 0x0000000087400000| PB 0x0000000087400000| Untracked |  0
| 117|0x0000000087500000, 0x0000000087600000, 0x0000000087600000|100%| O|Cm|TAMS 0x0000000087500000| PB 0x0000000087500000| Complete |  0
| 118|0x0000000087600000, 0x0000000087700000, 0x0000000087700000|100%| O|  |TAMS 0x0000000087600000| PB 0x0000000087600000| Untracked |  0
| 119|0x0000000087700000, 0x0000000087800000, 0x0000000087800000|100%| O|  |TAMS 0x0000000087700000| PB 0x0000000087700000| Untracked |  0
| 120|0x0000000087800000, 0x0000000087816ef8, 0x0000000087900000|  8%| O|  |TAMS 0x0000000087800000| PB 0x0000000087800000| Untracked |  0
| 121|0x0000000087900000, 0x0000000087900000, 0x0000000087a00000|  0%| F|  |TAMS 0x0000000087900000| PB 0x0000000087900000| Untracked |  0
| 122|0x0000000087a00000, 0x0000000087b00000, 0x0000000087b00000|100%|HS|  |TAMS 0x0000000087a00000| PB 0x0000000087a00000| Complete |  0
| 123|0x0000000087b00000, 0x0000000087c00000, 0x0000000087c00000|100%| O|  |TAMS 0x0000000087b00000| PB 0x0000000087b00000| Untracked |  0
| 124|0x0000000087c00000, 0x0000000087d00000, 0x0000000087d00000|100%| O|  |TAMS 0x0000000087c00000| PB 0x0000000087c00000| Untracked |  0
| 125|0x0000000087d00000, 0x0000000087d00000, 0x0000000087e00000|  0%| F|  |TAMS 0x0000000087d00000| PB 0x0000000087d00000| Untracked |  0
| 126|0x0000000087e00000, 0x0000000087e00000, 0x0000000087f00000|  0%| F|  |TAMS 0x0000000087e00000| PB 0x0000000087e00000| Untracked |  0
| 127|0x0000000087f00000, 0x0000000088000000, 0x0000000088000000|100%| O|  |TAMS 0x0000000087f00000| PB 0x0000000087f00000| Untracked |  0
| 128|0x0000000088000000, 0x0000000088100000, 0x0000000088100000|100%| O|  |TAMS 0x0000000088000000| PB 0x0000000088000000| Untracked |  0
| 129|0x0000000088100000, 0x0000000088200000, 0x0000000088200000|100%| O|  |TAMS 0x0000000088100000| PB 0x0000000088100000| Untracked |  0
| 130|0x0000000088200000, 0x0000000088300000, 0x0000000088300000|100%|HS|  |TAMS 0x0000000088200000| PB 0x0000000088200000| Complete |  0
| 131|0x0000000088300000, 0x0000000088400000, 0x0000000088400000|100%|HC|  |TAMS 0x0000000088300000| PB 0x0000000088300000| Complete |  0
| 132|0x0000000088400000, 0x0000000088500000, 0x0000000088500000|100%|HC|  |TAMS 0x0000000088400000| PB 0x0000000088400000| Complete |  0
| 133|0x0000000088500000, 0x0000000088500000, 0x0000000088600000|  0%| F|  |TAMS 0x0000000088500000| PB 0x0000000088500000| Untracked |  0
| 134|0x0000000088600000, 0x0000000088600000, 0x0000000088700000|  0%| F|  |TAMS 0x0000000088600000| PB 0x0000000088600000| Untracked |  0
| 135|0x0000000088700000, 0x0000000088700000, 0x0000000088800000|  0%| F|  |TAMS 0x0000000088700000| PB 0x0000000088700000| Untracked |  0
| 136|0x0000000088800000, 0x0000000088800000, 0x0000000088900000|  0%| F|  |TAMS 0x0000000088800000| PB 0x0000000088800000| Untracked |  0
| 137|0x0000000088900000, 0x0000000088900000, 0x0000000088a00000|  0%| F|  |TAMS 0x0000000088900000| PB 0x0000000088900000| Untracked |  0
| 138|0x0000000088a00000, 0x0000000088a00000, 0x0000000088b00000|  0%| F|  |TAMS 0x0000000088a00000| PB 0x0000000088a00000| Untracked |  0
| 139|0x0000000088b00000, 0x0000000088b00000, 0x0000000088c00000|  0%| F|  |TAMS 0x0000000088b00000| PB 0x0000000088b00000| Untracked |  0
| 140|0x0000000088c00000, 0x0000000088c00000, 0x0000000088d00000|  0%| F|  |TAMS 0x0000000088c00000| PB 0x0000000088c00000| Untracked |  0
| 141|0x0000000088d00000, 0x0000000088d00000, 0x0000000088e00000|  0%| F|  |TAMS 0x0000000088d00000| PB 0x0000000088d00000| Untracked |  0
| 142|0x0000000088e00000, 0x0000000088e00000, 0x0000000088f00000|  0%| F|  |TAMS 0x0000000088e00000| PB 0x0000000088e00000| Untracked |  0
| 143|0x0000000088f00000, 0x0000000088f00000, 0x0000000089000000|  0%| F|  |TAMS 0x0000000088f00000| PB 0x0000000088f00000| Untracked |  0
| 144|0x0000000089000000, 0x0000000089000000, 0x0000000089100000|  0%| F|  |TAMS 0x0000000089000000| PB 0x0000000089000000| Untracked |  0
| 145|0x0000000089100000, 0x0000000089100000, 0x0000000089200000|  0%| F|  |TAMS 0x0000000089100000| PB 0x0000000089100000| Untracked |  0
| 146|0x0000000089200000, 0x0000000089200000, 0x0000000089300000|  0%| F|  |TAMS 0x0000000089200000| PB 0x0000000089200000| Untracked |  0
| 147|0x0000000089300000, 0x0000000089300000, 0x0000000089400000|  0%| F|  |TAMS 0x0000000089300000| PB 0x0000000089300000| Untracked |  0
| 148|0x0000000089400000, 0x0000000089400000, 0x0000000089500000|  0%| F|  |TAMS 0x0000000089400000| PB 0x0000000089400000| Untracked |  0
| 149|0x0000000089500000, 0x0000000089500000, 0x0000000089600000|  0%| F|  |TAMS 0x0000000089500000| PB 0x0000000089500000| Untracked |  0
| 150|0x0000000089600000, 0x0000000089600000, 0x0000000089700000|  0%| F|  |TAMS 0x0000000089600000| PB 0x0000000089600000| Untracked |  0
| 151|0x0000000089700000, 0x0000000089700000, 0x0000000089800000|  0%| F|  |TAMS 0x0000000089700000| PB 0x0000000089700000| Untracked |  0
| 152|0x0000000089800000, 0x0000000089800000, 0x0000000089900000|  0%| F|  |TAMS 0x0000000089800000| PB 0x0000000089800000| Untracked |  0
| 153|0x0000000089900000, 0x0000000089900000, 0x0000000089a00000|  0%| F|  |TAMS 0x0000000089900000| PB 0x0000000089900000| Untracked |  0
| 154|0x0000000089a00000, 0x0000000089a00000, 0x0000000089b00000|  0%| F|  |TAMS 0x0000000089a00000| PB 0x0000000089a00000| Untracked |  0
| 155|0x0000000089b00000, 0x0000000089b00000, 0x0000000089c00000|  0%| F|  |TAMS 0x0000000089b00000| PB 0x0000000089b00000| Untracked |  0
| 156|0x0000000089c00000, 0x0000000089c00000, 0x0000000089d00000|  0%| F|  |TAMS 0x0000000089c00000| PB 0x0000000089c00000| Untracked |  0
| 157|0x0000000089d00000, 0x0000000089d00000, 0x0000000089e00000|  0%| F|  |TAMS 0x0000000089d00000| PB 0x0000000089d00000| Untracked |  0
| 158|0x0000000089e00000, 0x0000000089e00000, 0x0000000089f00000|  0%| F|  |TAMS 0x0000000089e00000| PB 0x0000000089e00000| Untracked |  0
| 159|0x0000000089f00000, 0x0000000089f00000, 0x000000008a000000|  0%| F|  |TAMS 0x0000000089f00000| PB 0x0000000089f00000| Untracked |  0
| 160|0x000000008a000000, 0x000000008a000000, 0x000000008a100000|  0%| F|  |TAMS 0x000000008a000000| PB 0x000000008a000000| Untracked |  0
| 161|0x000000008a100000, 0x000000008a100000, 0x000000008a200000|  0%| F|  |TAMS 0x000000008a100000| PB 0x000000008a100000| Untracked |  0
| 162|0x000000008a200000, 0x000000008a200000, 0x000000008a300000|  0%| F|  |TAMS 0x000000008a200000| PB 0x000000008a200000| Untracked |  0
| 163|0x000000008a300000, 0x000000008a300000, 0x000000008a400000|  0%| F|  |TAMS 0x000000008a300000| PB 0x000000008a300000| Untracked |  0
| 164|0x000000008a400000, 0x000000008a400000, 0x000000008a500000|  0%| F|  |TAMS 0x000000008a400000| PB 0x000000008a400000| Untracked |  0
| 165|0x000000008a500000, 0x000000008a500000, 0x000000008a600000|  0%| F|  |TAMS 0x000000008a500000| PB 0x000000008a500000| Untracked |  0
| 166|0x000000008a600000, 0x000000008a696c28, 0x000000008a700000| 58%| E|  |TAMS 0x000000008a600000| PB 0x000000008a600000| Complete |  0
| 167|0x000000008a700000, 0x000000008a800000, 0x000000008a800000|100%| E|CS|TAMS 0x000000008a700000| PB 0x000000008a700000| Complete |  0
| 168|0x000000008a800000, 0x000000008a900000, 0x000000008a900000|100%| E|CS|TAMS 0x000000008a800000| PB 0x000000008a800000| Complete |  0
| 169|0x000000008a900000, 0x000000008aa00000, 0x000000008aa00000|100%| E|CS|TAMS 0x000000008a900000| PB 0x000000008a900000| Complete |  0
| 170|0x000000008aa00000, 0x000000008ab00000, 0x000000008ab00000|100%| E|CS|TAMS 0x000000008aa00000| PB 0x000000008aa00000| Complete |  0
| 171|0x000000008ab00000, 0x000000008ac00000, 0x000000008ac00000|100%| E|CS|TAMS 0x000000008ab00000| PB 0x000000008ab00000| Complete |  0
| 172|0x000000008ac00000, 0x000000008ad00000, 0x000000008ad00000|100%| E|CS|TAMS 0x000000008ac00000| PB 0x000000008ac00000| Complete |  0
| 173|0x000000008ad00000, 0x000000008ae00000, 0x000000008ae00000|100%| E|CS|TAMS 0x000000008ad00000| PB 0x000000008ad00000| Complete |  0
| 174|0x000000008ae00000, 0x000000008af00000, 0x000000008af00000|100%| E|CS|TAMS 0x000000008ae00000| PB 0x000000008ae00000| Complete |  0
| 175|0x000000008af00000, 0x000000008b000000, 0x000000008b000000|100%| E|CS|TAMS 0x000000008af00000| PB 0x000000008af00000| Complete |  0
| 176|0x000000008b000000, 0x000000008b100000, 0x000000008b100000|100%| E|CS|TAMS 0x000000008b000000| PB 0x000000008b000000| Complete |  0
| 177|0x000000008b100000, 0x000000008b200000, 0x000000008b200000|100%| E|CS|TAMS 0x000000008b100000| PB 0x000000008b100000| Complete |  0
| 178|0x000000008b200000, 0x000000008b300000, 0x000000008b300000|100%| E|CS|TAMS 0x000000008b200000| PB 0x000000008b200000| Complete |  0
| 179|0x000000008b300000, 0x000000008b400000, 0x000000008b400000|100%| E|CS|TAMS 0x000000008b300000| PB 0x000000008b300000| Complete |  0
| 180|0x000000008b400000, 0x000000008b500000, 0x000000008b500000|100%| E|CS|TAMS 0x000000008b400000| PB 0x000000008b400000| Complete |  0
| 181|0x000000008b500000, 0x000000008b600000, 0x000000008b600000|100%| E|CS|TAMS 0x000000008b500000| PB 0x000000008b500000| Complete |  0
| 182|0x000000008b600000, 0x000000008b700000, 0x000000008b700000|100%| E|CS|TAMS 0x000000008b600000| PB 0x000000008b600000| Complete |  0
| 183|0x000000008b700000, 0x000000008b800000, 0x000000008b800000|100%| E|CS|TAMS 0x000000008b700000| PB 0x000000008b700000| Complete |  0
| 184|0x000000008b800000, 0x000000008b900000, 0x000000008b900000|100%| E|CS|TAMS 0x000000008b800000| PB 0x000000008b800000| Complete |  0
| 185|0x000000008b900000, 0x000000008ba00000, 0x000000008ba00000|100%| E|CS|TAMS 0x000000008b900000| PB 0x000000008b900000| Complete |  0
| 186|0x000000008ba00000, 0x000000008bb00000, 0x000000008bb00000|100%| E|CS|TAMS 0x000000008ba00000| PB 0x000000008ba00000| Complete |  0
| 187|0x000000008bb00000, 0x000000008bc00000, 0x000000008bc00000|100%| E|CS|TAMS 0x000000008bb00000| PB 0x000000008bb00000| Complete |  0
| 188|0x000000008bc00000, 0x000000008bd00000, 0x000000008bd00000|100%| E|CS|TAMS 0x000000008bc00000| PB 0x000000008bc00000| Complete |  0
| 189|0x000000008bd00000, 0x000000008be00000, 0x000000008be00000|100%| E|CS|TAMS 0x000000008bd00000| PB 0x000000008bd00000| Complete |  0
| 190|0x000000008be00000, 0x000000008beecee0, 0x000000008bf00000| 92%| S|CS|TAMS 0x000000008be00000| PB 0x000000008be00000| Complete |  0
| 191|0x000000008bf00000, 0x000000008c000000, 0x000000008c000000|100%| S|CS|TAMS 0x000000008bf00000| PB 0x000000008bf00000| Complete |  0
| 192|0x000000008c000000, 0x000000008c100000, 0x000000008c100000|100%| S|CS|TAMS 0x000000008c000000| PB 0x000000008c000000| Complete |  0
| 193|0x000000008c100000, 0x000000008c200000, 0x000000008c200000|100%| E|CS|TAMS 0x000000008c100000| PB 0x000000008c100000| Complete |  0
| 194|0x000000008c200000, 0x000000008c300000, 0x000000008c300000|100%| E|CS|TAMS 0x000000008c200000| PB 0x000000008c200000| Complete |  0
| 195|0x000000008c300000, 0x000000008c400000, 0x000000008c400000|100%| E|CS|TAMS 0x000000008c300000| PB 0x000000008c300000| Complete |  0
| 196|0x000000008c400000, 0x000000008c500000, 0x000000008c500000|100%| E|CS|TAMS 0x000000008c400000| PB 0x000000008c400000| Complete |  0
| 197|0x000000008c500000, 0x000000008c600000, 0x000000008c600000|100%| E|CS|TAMS 0x000000008c500000| PB 0x000000008c500000| Complete |  0
| 198|0x000000008c600000, 0x000000008c700000, 0x000000008c700000|100%| E|CS|TAMS 0x000000008c600000| PB 0x000000008c600000| Complete |  0
| 199|0x000000008c700000, 0x000000008c800000, 0x000000008c800000|100%| E|CS|TAMS 0x000000008c700000| PB 0x000000008c700000| Complete |  0
| 200|0x000000008c800000, 0x000000008c900000, 0x000000008c900000|100%| E|CS|TAMS 0x000000008c800000| PB 0x000000008c800000| Complete |  0
| 201|0x000000008c900000, 0x000000008ca00000, 0x000000008ca00000|100%| E|CS|TAMS 0x000000008c900000| PB 0x000000008c900000| Complete |  0
| 202|0x000000008ca00000, 0x000000008cb00000, 0x000000008cb00000|100%| E|CS|TAMS 0x000000008ca00000| PB 0x000000008ca00000| Complete |  0
| 203|0x000000008cb00000, 0x000000008cc00000, 0x000000008cc00000|100%| E|CS|TAMS 0x000000008cb00000| PB 0x000000008cb00000| Complete |  0
| 204|0x000000008cc00000, 0x000000008cd00000, 0x000000008cd00000|100%| E|CS|TAMS 0x000000008cc00000| PB 0x000000008cc00000| Complete |  0
| 205|0x000000008cd00000, 0x000000008ce00000, 0x000000008ce00000|100%| E|CS|TAMS 0x000000008cd00000| PB 0x000000008cd00000| Complete |  0
| 206|0x000000008ce00000, 0x000000008cf00000, 0x000000008cf00000|100%| E|CS|TAMS 0x000000008ce00000| PB 0x000000008ce00000| Complete |  0
| 207|0x000000008cf00000, 0x000000008d000000, 0x000000008d000000|100%| E|CS|TAMS 0x000000008cf00000| PB 0x000000008cf00000| Complete |  0
| 208|0x000000008d000000, 0x000000008d100000, 0x000000008d100000|100%| E|CS|TAMS 0x000000008d000000| PB 0x000000008d000000| Complete |  0
| 209|0x000000008d100000, 0x000000008d200000, 0x000000008d200000|100%| E|CS|TAMS 0x000000008d100000| PB 0x000000008d100000| Complete |  0
| 210|0x000000008d200000, 0x000000008d300000, 0x000000008d300000|100%| E|CS|TAMS 0x000000008d200000| PB 0x000000008d200000| Complete |  0
| 211|0x000000008d300000, 0x000000008d400000, 0x000000008d400000|100%| E|CS|TAMS 0x000000008d300000| PB 0x000000008d300000| Complete |  0
| 212|0x000000008d400000, 0x000000008d500000, 0x000000008d500000|100%| E|CS|TAMS 0x000000008d400000| PB 0x000000008d400000| Complete |  0
| 213|0x000000008d500000, 0x000000008d600000, 0x000000008d600000|100%| E|CS|TAMS 0x000000008d500000| PB 0x000000008d500000| Complete |  0
| 214|0x000000008d600000, 0x000000008d700000, 0x000000008d700000|100%| E|CS|TAMS 0x000000008d600000| PB 0x000000008d600000| Complete |  0
| 215|0x000000008d700000, 0x000000008d800000, 0x000000008d800000|100%| E|CS|TAMS 0x000000008d700000| PB 0x000000008d700000| Complete |  0
| 216|0x000000008d800000, 0x000000008d900000, 0x000000008d900000|100%| E|CS|TAMS 0x000000008d800000| PB 0x000000008d800000| Complete |  0
| 217|0x000000008d900000, 0x000000008da00000, 0x000000008da00000|100%| E|CS|TAMS 0x000000008d900000| PB 0x000000008d900000| Complete |  0
| 218|0x000000008da00000, 0x000000008db00000, 0x000000008db00000|100%| E|CS|TAMS 0x000000008da00000| PB 0x000000008da00000| Complete |  0
|2043|0x00000000ffb00000, 0x00000000ffc00000, 0x00000000ffc00000|100%| E|CS|TAMS 0x00000000ffb00000| PB 0x00000000ffb00000| Complete |  0
|2044|0x00000000ffc00000, 0x00000000ffd00000, 0x00000000ffd00000|100%| E|CS|TAMS 0x00000000ffc00000| PB 0x00000000ffc00000| Complete |  0
|2045|0x00000000ffd00000, 0x00000000ffe00000, 0x00000000ffe00000|100%| E|CS|TAMS 0x00000000ffd00000| PB 0x00000000ffd00000| Complete |  0
|2046|0x00000000ffe00000, 0x00000000fff00000, 0x00000000fff00000|100%| E|CS|TAMS 0x00000000ffe00000| PB 0x00000000ffe00000| Complete |  0
|2047|0x00000000fff00000, 0x0000000100000000, 0x0000000100000000|100%| O|  |TAMS 0x00000000fff00000| PB 0x00000000fff00000| Untracked |  0

Card table byte_map: [0x00000211f9fc0000,0x00000211fa3c0000] _byte_map_base: 0x00000211f9bc0000

Marking Bits: (CMBitMap*) 0x00000211e1b5b2c0
 Bits: [0x00000211fa3c0000, 0x00000211fc3c0000)

Polling page: 0x00000211dfbb0000

Metaspace:

Usage:
  Non-class:     89.31 MB used.
      Class:     15.00 MB used.
       Both:    104.31 MB used.

Virtual space:
  Non-class space:      128.00 MB reserved,      90.69 MB ( 71%) committed,  2 nodes.
      Class space:      416.00 MB reserved,      16.31 MB (  4%) committed,  1 nodes.
             Both:      544.00 MB reserved,     107.00 MB ( 20%) committed. 

Chunk freelists:
   Non-Class:  5.20 MB
       Class:  15.73 MB
        Both:  20.93 MB

MaxMetaspaceSize: 512.00 MB
CompressedClassSpaceSize: 416.00 MB
Initial GC threshold: 21.00 MB
Current GC threshold: 170.62 MB
CDS: on
 - commit_granule_bytes: 65536.
 - commit_granule_words: 8192.
 - virtual_space_node_default_size: 8388608.
 - enlarge_chunks_in_place: 1.
 - use_allocation_guard: 0.


Internal statistics:

num_allocs_failed_limit: 6.
num_arena_births: 4682.
num_arena_deaths: 86.
num_vsnodes_births: 3.
num_vsnodes_deaths: 0.
num_space_committed: 1712.
num_space_uncommitted: 0.
num_chunks_returned_to_freelist: 129.
num_chunks_taken_from_freelist: 9553.
num_chunk_merges: 41.
num_chunk_splits: 6272.
num_chunks_enlarged: 3988.
num_inconsistent_stats: 0.

CodeHeap 'non-profiled nmethods': size=119232Kb used=6319Kb max_used=6319Kb free=112912Kb
 bounds [0x00000211f1db0000, 0x00000211f23e0000, 0x00000211f9220000]
CodeHeap 'profiled nmethods': size=119104Kb used=21352Kb max_used=22076Kb free=97751Kb
 bounds [0x00000211ea220000, 0x00000211eb7b0000, 0x00000211f1670000]
CodeHeap 'non-nmethods': size=7424Kb used=2174Kb max_used=3840Kb free=5250Kb
 bounds [0x00000211f1670000, 0x00000211f1a50000, 0x00000211f1db0000]
CodeCache: size=245760Kb, used=29845Kb, max_used=32235Kb, free=215913Kb
 total_blobs=14688, nmethods=13774, adapters=819, full_count=0
Compilation: enabled, stopped_count=0, restarted_count=0

Compilation events (20 events):
Event: 389.833 Thread 0x000002119f0313c0 17545       3       java.util.concurrent.LinkedBlockingDeque::unlinkFirst (74 bytes)
Event: 389.835 Thread 0x000002119f0313c0 nmethod 17545 0x00000211eab9ff08 code [0x00000211eaba0080, 0x00000211eaba0680]
Event: 389.838 Thread 0x00000211a4bd3690 17539       4       java.util.regex.Matcher::match (154 bytes)
Event: 389.877 Thread 0x00000211a4bd3690 nmethod 17539 0x00000211f23d6f08 code [0x00000211f23d7060, 0x00000211f23d75f0]
Event: 389.877 Thread 0x00000211a4bd3690 17530   !   4       sun.nio.fs.WindowsDirectoryStream$WindowsDirectoryIterator::readNextEntry (192 bytes)
Event: 390.009 Thread 0x00000211a4bd3690 nmethod 17530 0x00000211f23d7688 code [0x00000211f23d78a0, 0x00000211f23d91c0]
Event: 390.009 Thread 0x00000211a4bd3690 17532       4       java.util.regex.Pattern$$Lambda/0x800000039::is (13 bytes)
Event: 390.014 Thread 0x00000211a4bd3690 nmethod 17532 0x00000211f23d9308 code [0x00000211f23d9420, 0x00000211f23d95a8]
Event: 390.014 Thread 0x00000211a4bd3690 17533       4       java.util.regex.CharPredicates$$Lambda/0x0000021181072e20::is (5 bytes)
Event: 390.019 Thread 0x00000211a4bd3690 nmethod 17533 0x00000211f23d9608 code [0x00000211f23d9700, 0x00000211f23d97f0]
Event: 390.019 Thread 0x00000211a4bd3690 17531  s    4       sun.nio.fs.WindowsDirectoryStream$WindowsDirectoryIterator::hasNext (35 bytes)
Event: 390.027 Thread 0x00000211a4bd3690 nmethod 17531 0x00000211f23d9908 code [0x00000211f23d9a20, 0x00000211f23d9e70]
Event: 390.027 Thread 0x00000211a4bd3690 17529       4       java.lang.StringLatin1::getChars (12 bytes)
Event: 390.031 Thread 0x00000211a4bd3690 nmethod 17529 0x00000211f23d9e88 code [0x00000211f23d9f80, 0x00000211f23da120]
Event: 390.328 Thread 0x00000211a4bd3690 17546       4       java.io.File::lastModified (33 bytes)
Event: 390.395 Thread 0x000002119f0313c0 17547   !   3       org.gradle.internal.event.AbstractBroadcastDispatch::dispatch (74 bytes)
Event: 390.397 Thread 0x000002119f0313c0 nmethod 17547 0x00000211ea803a88 code [0x00000211ea803ce0, 0x00000211ea804e10]
Event: 390.397 Thread 0x000002119f0313c0 17551       3       java.util.regex.Pattern$TreeInfo::<init> (9 bytes)
Event: 390.398 Thread 0x000002119f0313c0 nmethod 17551 0x00000211eab8b888 code [0x00000211eab8b9a0, 0x00000211eab8bb80]
Event: 390.398 Thread 0x000002119f0313c0 17553       3       java.util.regex.Pattern::compile (537 bytes)

GC Heap History (20 events):
Event: 314.131 GC heap before
{Heap before GC invocations=46 (full 0):
 garbage-first heap   total reserved 2097152K, committed 173056K, used 155921K [0x0000000080000000, 0x0000000100000000)
  region size 1024K, 54 young (55296K), 3 survivors (3072K)
 Metaspace       used 91465K, committed 94080K, reserved 557056K
  class space    used 13326K, committed 14592K, reserved 425984K
}
Event: 314.702 GC heap after
{Heap after GC invocations=47 (full 0):
 garbage-first heap   total reserved 2097152K, committed 173056K, used 105373K [0x0000000080000000, 0x0000000100000000)
  region size 1024K, 7 young (7168K), 7 survivors (7168K)
 Metaspace       used 91465K, committed 94080K, reserved 557056K
  class space    used 13326K, committed 14592K, reserved 425984K
}
Event: 316.949 GC heap before
{Heap before GC invocations=47 (full 0):
 garbage-first heap   total reserved 2097152K, committed 173056K, used 154525K [0x0000000080000000, 0x0000000100000000)
  region size 1024K, 56 young (57344K), 7 survivors (7168K)
 Metaspace       used 91467K, committed 94080K, reserved 557056K
  class space    used 13326K, committed 14592K, reserved 425984K
}
Event: 317.032 GC heap after
{Heap after GC invocations=48 (full 0):
 garbage-first heap   total reserved 2097152K, committed 173056K, used 107465K [0x0000000080000000, 0x0000000100000000)
  region size 1024K, 5 young (5120K), 5 survivors (5120K)
 Metaspace       used 91467K, committed 94080K, reserved 557056K
  class space    used 13326K, committed 14592K, reserved 425984K
}
Event: 319.261 GC heap before
{Heap before GC invocations=49 (full 0):
 garbage-first heap   total reserved 2097152K, committed 181248K, used 155593K [0x0000000080000000, 0x0000000100000000)
  region size 1024K, 53 young (54272K), 5 survivors (5120K)
 Metaspace       used 91468K, committed 94144K, reserved 557056K
  class space    used 13326K, committed 14592K, reserved 425984K
}
Event: 319.286 GC heap after
{Heap after GC invocations=50 (full 0):
 garbage-first heap   total reserved 2097152K, committed 181248K, used 109726K [0x0000000080000000, 0x0000000100000000)
  region size 1024K, 5 young (5120K), 5 survivors (5120K)
 Metaspace       used 91468K, committed 94144K, reserved 557056K
  class space    used 13326K, committed 14592K, reserved 425984K
}
Event: 321.796 GC heap before
{Heap before GC invocations=50 (full 0):
 garbage-first heap   total reserved 2097152K, committed 181248K, used 130206K [0x0000000080000000, 0x0000000100000000)
  region size 1024K, 21 young (21504K), 5 survivors (5120K)
 Metaspace       used 91509K, committed 94208K, reserved 557056K
  class space    used 13333K, committed 14592K, reserved 425984K
}
Event: 321.841 GC heap after
{Heap after GC invocations=51 (full 0):
 garbage-first heap   total reserved 2097152K, committed 181248K, used 118465K [0x0000000080000000, 0x0000000100000000)
  region size 1024K, 3 young (3072K), 3 survivors (3072K)
 Metaspace       used 91509K, committed 94208K, reserved 557056K
  class space    used 13333K, committed 14592K, reserved 425984K
}
Event: 327.563 GC heap before
{Heap before GC invocations=51 (full 0):
 garbage-first heap   total reserved 2097152K, committed 181248K, used 166593K [0x0000000080000000, 0x0000000100000000)
  region size 1024K, 49 young (50176K), 3 survivors (3072K)
 Metaspace       used 93966K, committed 96640K, reserved 557056K
  class space    used 13633K, committed 14848K, reserved 425984K
}
Event: 327.577 GC heap after
{Heap after GC invocations=52 (full 0):
 garbage-first heap   total reserved 2097152K, committed 181248K, used 124457K [0x0000000080000000, 0x0000000100000000)
  region size 1024K, 7 young (7168K), 7 survivors (7168K)
 Metaspace       used 93966K, committed 96640K, reserved 557056K
  class space    used 13633K, committed 14848K, reserved 425984K
}
Event: 331.777 GC heap before
{Heap before GC invocations=52 (full 0):
 garbage-first heap   total reserved 2097152K, committed 181248K, used 164393K [0x0000000080000000, 0x0000000100000000)
  region size 1024K, 45 young (46080K), 7 survivors (7168K)
 Metaspace       used 97690K, committed 100352K, reserved 557056K
  class space    used 14063K, committed 15296K, reserved 425984K
}
Event: 331.798 GC heap after
{Heap after GC invocations=53 (full 0):
 garbage-first heap   total reserved 2097152K, committed 181248K, used 126957K [0x0000000080000000, 0x0000000100000000)
  region size 1024K, 2 young (2048K), 2 survivors (2048K)
 Metaspace       used 97690K, committed 100352K, reserved 557056K
  class space    used 14063K, committed 15296K, reserved 425984K
}
Event: 335.129 GC heap before
{Heap before GC invocations=53 (full 0):
 garbage-first heap   total reserved 2097152K, committed 181248K, used 170989K [0x0000000080000000, 0x0000000100000000)
  region size 1024K, 42 young (43008K), 2 survivors (2048K)
 Metaspace       used 99457K, committed 102144K, reserved 557056K
  class space    used 14317K, committed 15552K, reserved 425984K
}
Event: 335.169 GC heap after
{Heap after GC invocations=54 (full 0):
 garbage-first heap   total reserved 2097152K, committed 181248K, used 130021K [0x0000000080000000, 0x0000000100000000)
  region size 1024K, 6 young (6144K), 6 survivors (6144K)
 Metaspace       used 99457K, committed 102144K, reserved 557056K
  class space    used 14317K, committed 15552K, reserved 425984K
}
Event: 343.676 GC heap before
{Heap before GC invocations=54 (full 0):
 garbage-first heap   total reserved 2097152K, committed 181248K, used 163813K [0x0000000080000000, 0x0000000100000000)
  region size 1024K, 39 young (39936K), 6 survivors (6144K)
 Metaspace       used 101475K, committed 104192K, reserved 557056K
  class space    used 14562K, committed 15808K, reserved 425984K
}
Event: 343.775 GC heap after
{Heap after GC invocations=55 (full 0):
 garbage-first heap   total reserved 2097152K, committed 181248K, used 132019K [0x0000000080000000, 0x0000000100000000)
  region size 1024K, 2 young (2048K), 2 survivors (2048K)
 Metaspace       used 101475K, committed 104192K, reserved 557056K
  class space    used 14562K, committed 15808K, reserved 425984K
}
Event: 345.862 GC heap before
{Heap before GC invocations=55 (full 0):
 garbage-first heap   total reserved 2097152K, committed 181248K, used 139187K [0x0000000080000000, 0x0000000100000000)
  region size 1024K, 10 young (10240K), 2 survivors (2048K)
 Metaspace       used 101858K, committed 104576K, reserved 557056K
  class space    used 14631K, committed 15872K, reserved 425984K
}
Event: 345.917 GC heap after
{Heap after GC invocations=56 (full 0):
 garbage-first heap   total reserved 2097152K, committed 181248K, used 132254K [0x0000000080000000, 0x0000000100000000)
  region size 1024K, 3 young (3072K), 3 survivors (3072K)
 Metaspace       used 101858K, committed 104576K, reserved 557056K
  class space    used 14631K, committed 15872K, reserved 425984K
}
Event: 366.830 GC heap before
{Heap before GC invocations=57 (full 0):
 garbage-first heap   total reserved 2097152K, committed 229376K, used 167070K [0x0000000080000000, 0x0000000100000000)
  region size 1024K, 34 young (34816K), 3 survivors (3072K)
 Metaspace       used 103710K, committed 106368K, reserved 557056K
  class space    used 14908K, committed 16128K, reserved 425984K
}
Event: 366.880 GC heap after
{Heap after GC invocations=58 (full 0):
 garbage-first heap   total reserved 2097152K, committed 229376K, used 136207K [0x0000000080000000, 0x0000000100000000)
  region size 1024K, 3 young (3072K), 3 survivors (3072K)
 Metaspace       used 103710K, committed 106368K, reserved 557056K
  class space    used 14908K, committed 16128K, reserved 425984K
}

Dll operation events (16 events):
Event: 0.049 Loaded shared library C:\Program Files\Java\jdk-23\bin\java.dll
Event: 0.127 Loaded shared library C:\Program Files\Java\jdk-23\bin\jsvml.dll
Event: 0.252 Loaded shared library C:\Program Files\Java\jdk-23\bin\zip.dll
Event: 0.262 Loaded shared library C:\Program Files\Java\jdk-23\bin\instrument.dll
Event: 0.273 Loaded shared library C:\Program Files\Java\jdk-23\bin\net.dll
Event: 0.279 Loaded shared library C:\Program Files\Java\jdk-23\bin\nio.dll
Event: 0.287 Loaded shared library C:\Program Files\Java\jdk-23\bin\zip.dll
Event: 1.136 Loaded shared library C:\Program Files\Java\jdk-23\bin\jimage.dll
Event: 1.983 Loaded shared library C:\Program Files\Java\jdk-23\bin\verify.dll
Event: 2.123 Loaded shared library C:\Users\chath\.gradle\native\660c5614fbf4a5f2a75b1949f50a0caf5cd603558e7d8a26e50b933a0cfb79d1\windows-amd64\native-platform.dll
Event: 2.188 Loaded shared library C:\Users\chath\.gradle\native\0.2.8\x86_64-windows-gnu\gradle-fileevents.dll
Event: 6.701 Loaded shared library C:\Program Files\Java\jdk-23\bin\management.dll
Event: 6.708 Loaded shared library C:\Program Files\Java\jdk-23\bin\management_ext.dll
Event: 7.349 Loaded shared library C:\Program Files\Java\jdk-23\bin\extnet.dll
Event: 8.769 Loaded shared library C:\Program Files\Java\jdk-23\bin\sunmscapi.dll
Event: 77.835 Loaded shared library C:\Program Files\Java\jdk-23\bin\rmi.dll

Deoptimization events (20 events):
Event: 388.913 Thread 0x00000211a0ea3dc0 Uncommon trap: trap_request=0xffffffc6 fr.pc=0x00000211f22eef0c relative=0x00000000000001ac
Event: 388.913 Thread 0x00000211a0ea3dc0 Uncommon trap: reason=bimorphic_or_optimized_type_check action=maybe_recompile pc=0x00000211f22eef0c method=org.gradle.api.internal.collections.CollectionFilter.filter(Ljava/lang/Object;)Ljava/lang/Object; @ 27 c2
Event: 388.913 Thread 0x00000211a0ea3dc0 DEOPT PACKING pc=0x00000211f22eef0c sp=0x0000004e434fa2c0
Event: 388.913 Thread 0x00000211a0ea3dc0 DEOPT UNPACKING pc=0x00000211f16c4402 sp=0x0000004e434fa250 mode 2
Event: 388.913 Thread 0x00000211a0ea3dc0 Uncommon trap: trap_request=0xffffffc6 fr.pc=0x00000211f22eef0c relative=0x00000000000001ac
Event: 388.913 Thread 0x00000211a0ea3dc0 Uncommon trap: reason=bimorphic_or_optimized_type_check action=maybe_recompile pc=0x00000211f22eef0c method=org.gradle.api.internal.collections.CollectionFilter.filter(Ljava/lang/Object;)Ljava/lang/Object; @ 27 c2
Event: 388.913 Thread 0x00000211a0ea3dc0 DEOPT PACKING pc=0x00000211f22eef0c sp=0x0000004e434fa2c0
Event: 388.913 Thread 0x00000211a0ea3dc0 DEOPT UNPACKING pc=0x00000211f16c4402 sp=0x0000004e434fa250 mode 2
Event: 388.913 Thread 0x00000211a0ea3dc0 Uncommon trap: trap_request=0xffffffc6 fr.pc=0x00000211f22eef0c relative=0x00000000000001ac
Event: 388.913 Thread 0x00000211a0ea3dc0 Uncommon trap: reason=bimorphic_or_optimized_type_check action=maybe_recompile pc=0x00000211f22eef0c method=org.gradle.api.internal.collections.CollectionFilter.filter(Ljava/lang/Object;)Ljava/lang/Object; @ 27 c2
Event: 388.913 Thread 0x00000211a0ea3dc0 DEOPT PACKING pc=0x00000211f22eef0c sp=0x0000004e434fa2c0
Event: 388.913 Thread 0x00000211a0ea3dc0 DEOPT UNPACKING pc=0x00000211f16c4402 sp=0x0000004e434fa250 mode 2
Event: 388.914 Thread 0x00000211a0ea3dc0 Uncommon trap: trap_request=0xffffffc6 fr.pc=0x00000211f1f5f2b0 relative=0x0000000000000250
Event: 388.915 Thread 0x00000211a0ea3dc0 Uncommon trap: reason=bimorphic_or_optimized_type_check action=maybe_recompile pc=0x00000211f1f5f2b0 method=java.util.Spliterators$IteratorSpliterator.tryAdvance(Ljava/util/function/Consumer;)Z @ 50 c2
Event: 388.915 Thread 0x00000211a0ea3dc0 DEOPT PACKING pc=0x00000211f1f5f2b0 sp=0x0000004e434fa420
Event: 388.915 Thread 0x00000211a0ea3dc0 DEOPT UNPACKING pc=0x00000211f16c4402 sp=0x0000004e434fa3c0 mode 2
Event: 388.917 Thread 0x00000211a0ea3dc0 Uncommon trap: trap_request=0xffffffc6 fr.pc=0x00000211f1f5f2b0 relative=0x0000000000000250
Event: 388.917 Thread 0x00000211a0ea3dc0 Uncommon trap: reason=bimorphic_or_optimized_type_check action=maybe_recompile pc=0x00000211f1f5f2b0 method=java.util.Spliterators$IteratorSpliterator.tryAdvance(Ljava/util/function/Consumer;)Z @ 50 c2
Event: 388.917 Thread 0x00000211a0ea3dc0 DEOPT PACKING pc=0x00000211f1f5f2b0 sp=0x0000004e434fa410
Event: 388.917 Thread 0x00000211a0ea3dc0 DEOPT UNPACKING pc=0x00000211f16c4402 sp=0x0000004e434fa3b0 mode 2

Classes loaded (20 events):
Event: 380.131 Loading class java/lang/ProcessBeanInfo
Event: 380.131 Loading class java/lang/ProcessBeanInfo done
Event: 380.132 Loading class java/lang/ProcessCustomizer
Event: 380.133 Loading class java/lang/ProcessCustomizer done
Event: 380.135 Loading class java/lang/ProcessCustomizer
Event: 380.135 Loading class java/lang/ProcessCustomizer done
Event: 380.140 Loading class java/lang/ProcessImplCustomizer
Event: 380.141 Loading class java/lang/ProcessImplCustomizer done
Event: 380.144 Loading class java/lang/ProcessImplCustomizer
Event: 380.144 Loading class java/lang/ProcessImplCustomizer done
Event: 386.210 Loading class java/lang/invoke/WrongMethodTypeException
Event: 386.212 Loading class java/lang/invoke/WrongMethodTypeException done
Event: 386.213 Loading class jdk/internal/reflect/AccessorUtils
Event: 386.214 Loading class jdk/internal/reflect/AccessorUtils done
Event: 388.964 Loading class sun/reflect/misc/MethodUtil
Event: 388.965 Loading class sun/reflect/misc/MethodUtil done
Event: 388.967 Loading class sun/reflect/misc/MethodUtil$1
Event: 388.968 Loading class sun/reflect/misc/MethodUtil$1 done
Event: 388.978 Loading class java/security/AllPermissionCollection
Event: 388.979 Loading class java/security/AllPermissionCollection done

Classes unloaded (20 events):
Event: 234.163 Thread 0x00000211ff451e20 Unloading class 0x0000021181cf3400 'java/lang/invoke/LambdaForm$MH+0x0000021181cf3400'
Event: 234.163 Thread 0x00000211ff451e20 Unloading class 0x0000021181cf2c00 'java/lang/invoke/LambdaForm$MH+0x0000021181cf2c00'
Event: 234.163 Thread 0x00000211ff451e20 Unloading class 0x0000021181cf2800 'java/lang/invoke/LambdaForm$MH+0x0000021181cf2800'
Event: 234.163 Thread 0x00000211ff451e20 Unloading class 0x0000021181cf1c00 'java/lang/invoke/LambdaForm$MH+0x0000021181cf1c00'
Event: 234.163 Thread 0x00000211ff451e20 Unloading class 0x0000021181cf1800 'java/lang/invoke/LambdaForm$MH+0x0000021181cf1800'
Event: 234.163 Thread 0x00000211ff451e20 Unloading class 0x0000021181cf1400 'java/lang/invoke/LambdaForm$MH+0x0000021181cf1400'
Event: 234.163 Thread 0x00000211ff451e20 Unloading class 0x0000021181cf1000 'java/lang/invoke/LambdaForm$MH+0x0000021181cf1000'
Event: 234.163 Thread 0x00000211ff451e20 Unloading class 0x0000021181cf0000 'java/lang/invoke/LambdaForm$MH+0x0000021181cf0000'
Event: 234.163 Thread 0x00000211ff451e20 Unloading class 0x0000021181cf0400 'java/lang/invoke/LambdaForm$MH+0x0000021181cf0400'
Event: 234.163 Thread 0x00000211ff451e20 Unloading class 0x0000021181cf0800 'java/lang/invoke/LambdaForm$MH+0x0000021181cf0800'
Event: 234.164 Thread 0x00000211ff451e20 Unloading class 0x0000021181ceb800 'java/lang/invoke/LambdaForm$MH+0x0000021181ceb800'
Event: 234.164 Thread 0x00000211ff451e20 Unloading class 0x0000021181ceb400 'java/lang/invoke/LambdaForm$MH+0x0000021181ceb400'
Event: 234.164 Thread 0x00000211ff451e20 Unloading class 0x0000021181ceb000 'java/lang/invoke/LambdaForm$MH+0x0000021181ceb000'
Event: 234.164 Thread 0x00000211ff451e20 Unloading class 0x0000021181cea000 'java/lang/invoke/LambdaForm$MH+0x0000021181cea000'
Event: 234.164 Thread 0x00000211ff451e20 Unloading class 0x0000021181cea400 'java/lang/invoke/LambdaForm$MH+0x0000021181cea400'
Event: 234.164 Thread 0x00000211ff451e20 Unloading class 0x0000021181cea800 'java/lang/invoke/LambdaForm$MH+0x0000021181cea800'
Event: 234.164 Thread 0x00000211ff451e20 Unloading class 0x0000021181ce9c00 'java/lang/invoke/LambdaForm$MH+0x0000021181ce9c00'
Event: 234.164 Thread 0x00000211ff451e20 Unloading class 0x0000021181ce9000 'java/lang/invoke/LambdaForm$MH+0x0000021181ce9000'
Event: 234.164 Thread 0x00000211ff451e20 Unloading class 0x0000021181ce8c00 'java/lang/invoke/LambdaForm$MH+0x0000021181ce8c00'
Event: 234.164 Thread 0x00000211ff451e20 Unloading class 0x0000021181ce8000 'java/lang/invoke/LambdaForm$MH+0x0000021181ce8000'

Classes redefined (0 events):
No events

Internal exceptions (20 events):
Event: 371.381 Thread 0x00000211a0ea3dc0 Exception <a 'java/lang/ClassNotFoundException'{0x000000008c4b1a20}: org/jetbrains/kotlin/gradle/targets/js/npm/DefaultDevNpmDependencyExtensionBeanInfo> (0x000000008c4b1a20) 
thrown [s\open\src\hotspot\share\classfile\systemDictionary.cpp, line 313]
Event: 371.388 Thread 0x00000211a0ea3dc0 Exception <a 'java/lang/ClassNotFoundException'{0x000000008c4c6c38}: org/jetbrains/kotlin/gradle/targets/js/npm/DefaultDevNpmDependencyExtensionCustomizer> (0x000000008c4c6c38) 
thrown [s\open\src\hotspot\share\classfile\systemDictionary.cpp, line 313]
Event: 371.423 Thread 0x00000211a0ea3dc0 Exception <a 'java/lang/ClassNotFoundException'{0x000000008c3141b8}: org/jetbrains/kotlin/gradle/targets/js/npm/DefaultPeerNpmDependencyExtensionBeanInfo> (0x000000008c3141b8) 
thrown [s\open\src\hotspot\share\classfile\systemDictionary.cpp, line 313]
Event: 371.435 Thread 0x00000211a0ea3dc0 Exception <a 'java/lang/ClassNotFoundException'{0x000000008c329408}: org/jetbrains/kotlin/gradle/targets/js/npm/DefaultPeerNpmDependencyExtensionCustomizer> (0x000000008c329408) 
thrown [s\open\src\hotspot\share\classfile\systemDictionary.cpp, line 313]
Event: 371.464 Thread 0x00000211a0ea3dc0 Exception <a 'java/lang/ClassNotFoundException'{0x000000008c37a448}: org/jetbrains/kotlin/gradle/targets/js/npm/DefaultPeerNpmDependencyExtension$delegate$1BeanInfo> (0x000000008c37a448) 
thrown [s\open\src\hotspot\share\classfile\systemDictionary.cpp, line 313]
Event: 371.473 Thread 0x00000211a0ea3dc0 Exception <a 'java/lang/ClassNotFoundException'{0x000000008c38fcb0}: org/jetbrains/kotlin/gradle/targets/js/npm/DefaultPeerNpmDependencyExtension$delegate$1Customizer> (0x000000008c38fcb0) 
thrown [s\open\src\hotspot\share\classfile\systemDictionary.cpp, line 313]
Event: 376.531 Thread 0x00000211a0ea3dc0 Exception <a 'java/lang/NoSuchMethodError'{0x000000008b53e400}: 'java.lang.Object java.lang.invoke.DirectMethodHandle$Holder.invokeStatic(java.lang.Object, java.lang.Object, int, java.lang.Object, int)'> (0x000000008b53e400) 
thrown [s\open\src\hotspot\share\interpreter\linkResolver.cpp, line 796]
Event: 377.427 Thread 0x00000211a0ea3dc0 Exception <a 'java/lang/ClassNotFoundException'{0x000000008b124d58}: groovy/lang/ReferenceBeanInfo> (0x000000008b124d58) 
thrown [s\open\src\hotspot\share\classfile\systemDictionary.cpp, line 313]
Event: 377.436 Thread 0x00000211a0ea3dc0 Exception <a 'java/lang/ClassNotFoundException'{0x000000008b142338}: groovy/lang/ReferenceCustomizer> (0x000000008b142338) 
thrown [s\open\src\hotspot\share\classfile\systemDictionary.cpp, line 313]
Event: 377.532 Thread 0x00000211a0ea3dc0 Exception <a 'java/lang/ClassNotFoundException'{0x000000008b186400}: com/facebook/react/ReactExtension_DecoratedBeanInfo> (0x000000008b186400) 
thrown [s\open\src\hotspot\share\classfile\systemDictionary.cpp, line 313]
Event: 377.559 Thread 0x00000211a0ea3dc0 Exception <a 'java/lang/ClassNotFoundException'{0x000000008b19edd0}: com/facebook/react/ReactExtensionBeanInfo> (0x000000008b19edd0) 
thrown [s\open\src\hotspot\share\classfile\systemDictionary.cpp, line 313]
Event: 377.578 Thread 0x00000211a0ea3dc0 Exception <a 'java/lang/ClassNotFoundException'{0x000000008b1b77a0}: com/facebook/react/ReactExtensionCustomizer> (0x000000008b1b77a0) 
thrown [s\open\src\hotspot\share\classfile\systemDictionary.cpp, line 313]
Event: 377.593 Thread 0x00000211a0ea3dc0 Exception <a 'java/lang/ClassNotFoundException'{0x000000008b1e8d60}: com/facebook/react/ReactExtension_DecoratedCustomizer> (0x000000008b1e8d60) 
thrown [s\open\src\hotspot\share\classfile\systemDictionary.cpp, line 313]
Event: 380.127 Thread 0x00000211a0ea3dc0 Exception <a 'java/lang/ClassNotFoundException'{0x000000008b0f6a60}: java/lang/ProcessImplBeanInfo> (0x000000008b0f6a60) 
thrown [s\open\src\hotspot\share\classfile\systemDictionary.cpp, line 313]
Event: 380.132 Thread 0x00000211a0ea3dc0 Exception <a 'java/lang/ClassNotFoundException'{0x000000008af1f9b8}: java/lang/ProcessBeanInfo> (0x000000008af1f9b8) 
thrown [s\open\src\hotspot\share\classfile\systemDictionary.cpp, line 313]
Event: 380.135 Thread 0x00000211a0ea3dc0 Exception <a 'java/lang/ClassNotFoundException'{0x000000008af2ee98}: java/lang/ProcessCustomizer> (0x000000008af2ee98) 
thrown [s\open\src\hotspot\share\classfile\systemDictionary.cpp, line 313]
Event: 380.144 Thread 0x00000211a0ea3dc0 Exception <a 'java/lang/ClassNotFoundException'{0x000000008af4ad10}: java/lang/ProcessImplCustomizer> (0x000000008af4ad10) 
thrown [s\open\src\hotspot\share\classfile\systemDictionary.cpp, line 313]
Event: 386.170 Thread 0x00000211a0ea3dc0 Exception <a 'java/lang/ClassNotFoundException'{0x000000008afeed20}: org/codehaus/groovy/runtime/NullObjectBeanInfo> (0x000000008afeed20) 
thrown [s\open\src\hotspot\share\classfile\systemDictionary.cpp, line 313]
Event: 386.184 Thread 0x00000211a0ea3dc0 Exception <a 'java/lang/ClassNotFoundException'{0x000000008ae14728}: org/codehaus/groovy/runtime/NullObjectCustomizer> (0x000000008ae14728) 
thrown [s\open\src\hotspot\share\classfile\systemDictionary.cpp, line 313]
Event: 388.987 Thread 0x00000211a0ea3dc0 Exception <a 'java/lang/NoSuchMethodError'{0x000000008a8e8c18}: 'long java.lang.invoke.DelegatingMethodHandle$Holder.reinvoke_L(java.lang.Object, java.lang.Object)'> (0x000000008a8e8c18) 
thrown [s\open\src\hotspot\share\interpreter\linkResolver.cpp, line 796]

VM Operations (20 events):
Event: 331.777 Executing VM operation: G1CollectForAllocation (G1 Evacuation Pause)
Event: 331.799 Executing VM operation: G1CollectForAllocation (G1 Evacuation Pause) done
Event: 335.129 Executing VM operation: G1CollectForAllocation (G1 Evacuation Pause)
Event: 335.169 Executing VM operation: G1CollectForAllocation (G1 Evacuation Pause) done
Event: 343.670 Executing VM operation: G1CollectForAllocation (G1 Evacuation Pause)
Event: 343.775 Executing VM operation: G1CollectForAllocation (G1 Evacuation Pause) done
Event: 345.862 Executing VM operation: G1TryInitiateConcMark (G1 Humongous Allocation)
Event: 345.918 Executing VM operation: G1TryInitiateConcMark (G1 Humongous Allocation) done
Event: 358.440 Executing VM operation: G1PauseRemark
Event: 359.562 Executing VM operation: G1PauseRemark done
Event: 359.732 Executing VM operation: G1PauseCleanup
Event: 359.739 Executing VM operation: G1PauseCleanup done
Event: 360.529 Executing VM operation: HandshakeAllThreads (HandshakeForDeflation)
Event: 360.530 Executing VM operation: HandshakeAllThreads (HandshakeForDeflation) done
Event: 360.530 Executing VM operation: RendezvousGCThreads
Event: 360.530 Executing VM operation: RendezvousGCThreads done
Event: 366.830 Executing VM operation: G1CollectForAllocation (G1 Evacuation Pause)
Event: 366.881 Executing VM operation: G1CollectForAllocation (G1 Evacuation Pause) done
Event: 380.169 Executing VM operation: HandshakeAllThreads (Deoptimize)
Event: 380.171 Executing VM operation: HandshakeAllThreads (Deoptimize) done

Memory protections (0 events):
No events

Nmethod flushes (20 events):
Event: 359.380 Thread 0x00000211ff451e20 flushing  nmethod 0x00000211eabb2888
Event: 359.385 Thread 0x00000211ff451e20 flushing  nmethod 0x00000211eac03488
Event: 359.385 Thread 0x00000211ff451e20 flushing  nmethod 0x00000211eac0ea08
Event: 359.387 Thread 0x00000211ff451e20 flushing  nmethod 0x00000211eac22f88
Event: 359.387 Thread 0x00000211ff451e20 flushing  nmethod 0x00000211eac26d88
Event: 359.387 Thread 0x00000211ff451e20 flushing  nmethod 0x00000211eac2be08
Event: 359.387 Thread 0x00000211ff451e20 flushing  nmethod 0x00000211eac9ea08
Event: 359.387 Thread 0x00000211ff451e20 flushing  nmethod 0x00000211eacc8f88
Event: 359.387 Thread 0x00000211ff451e20 flushing  nmethod 0x00000211eb5be688
Event: 359.387 Thread 0x00000211ff451e20 flushing  nmethod 0x00000211f225d588
Event: 359.387 Thread 0x00000211ff451e20 flushing  nmethod 0x00000211ea371288
Event: 359.387 Thread 0x00000211ff451e20 flushing  nmethod 0x00000211ea960188
Event: 359.387 Thread 0x00000211ff451e20 flushing  nmethod 0x00000211ea965988
Event: 359.387 Thread 0x00000211ff451e20 flushing  nmethod 0x00000211eaa6a508
Event: 359.393 Thread 0x00000211ff451e20 flushing  nmethod 0x00000211eaacd308
Event: 359.393 Thread 0x00000211ff451e20 flushing  nmethod 0x00000211eab65488
Event: 359.393 Thread 0x00000211ff451e20 flushing  nmethod 0x00000211eab65888
Event: 359.393 Thread 0x00000211ff451e20 flushing  nmethod 0x00000211eb001688
Event: 359.393 Thread 0x00000211ff451e20 flushing  nmethod 0x00000211eb002108
Event: 359.393 Thread 0x00000211ff451e20 flushing  nmethod 0x00000211eb291f08

Events (20 events):
Event: 304.603 Thread 0x00000211a4eef770 Thread added: 0x00000211a3feb430
Event: 312.163 Thread 0x00000211a3fea080 Thread exited: 0x00000211a3fea080
Event: 312.164 Thread 0x00000211a3fece70 Thread exited: 0x00000211a3fece70
Event: 312.164 Thread 0x00000211a57ea340 Thread exited: 0x00000211a57ea340
Event: 320.115 Thread 0x00000211a0ea3dc0 Thread added: 0x00000211a3feef40
Event: 323.369 Thread 0x00000211a0ea3dc0 Thread added: 0x00000211a3ff1010
Event: 323.455 Thread 0x00000211a0ea3dc0 Thread added: 0x00000211a3ff6bf0
Event: 363.241 Thread 0x00000211a0ea3dc0 Thread added: 0x00000211a57e9cb0
Event: 369.571 Thread 0x00000211a57e33b0 Thread exited: 0x00000211a57e33b0
Event: 369.602 Thread 0x00000211a3ff02f0 Thread exited: 0x00000211a3ff02f0
Event: 379.692 Thread 0x00000211a3feb430 Thread exited: 0x00000211a3feb430
Event: 383.689 Thread 0x00000211a3fea710 Thread exited: 0x00000211a3fea710
Event: 383.691 Thread 0x00000211a3fee220 Thread exited: 0x00000211a3fee220
Event: 384.679 Thread 0x00000211a4eefe00 Thread exited: 0x00000211a4eefe00
Event: 386.694 Thread 0x000002119f0313c0 Thread added: 0x00000211a4bd3690
Event: 386.763 Thread 0x000002119f0313c0 Thread added: 0x00000211a4bd4430
Event: 388.913 Thread 0x00000211a4bd4430 Thread exited: 0x00000211a4bd4430
Event: 389.029 Thread 0x00000211a4bd3690 Thread exited: 0x00000211a4bd3690
Event: 389.836 Thread 0x000002119f0313c0 Thread added: 0x00000211a4bd3690
Event: 390.372 Thread 0x00000211a2690080 Thread exited: 0x00000211a2690080


Dynamic libraries:
0x00007ff6a0c10000 - 0x00007ff6a0c20000 	C:\Program Files\Java\jdk-23\bin\java.exe
0x00007ffe9e460000 - 0x00007ffe9e6c6000 	C:\WINDOWS\SYSTEM32\ntdll.dll
0x00007ffe76020000 - 0x00007ffe76041000 	C:\Program Files\Avast Software\Avast\aswhook.dll
0x00007ffe9d350000 - 0x00007ffe9d419000 	C:\WINDOWS\System32\KERNEL32.DLL
0x00007ffe9bb00000 - 0x00007ffe9beff000 	C:\WINDOWS\System32\KERNELBASE.dll
0x00007ffe9b9a0000 - 0x00007ffe9baec000 	C:\WINDOWS\System32\ucrtbase.dll
0x00007ffe90ac0000 - 0x00007ffe90ad7000 	C:\Program Files\Java\jdk-23\bin\jli.dll
0x00007ffe91320000 - 0x00007ffe9133b000 	C:\Program Files\Java\jdk-23\bin\VCRUNTIME140.dll
0x00007ffe9c620000 - 0x00007ffe9c7e6000 	C:\WINDOWS\System32\USER32.dll
0x00007ffe87120000 - 0x00007ffe873b1000 	C:\WINDOWS\WinSxS\amd64_microsoft.windows.common-controls_6595b64144ccf1df_6.0.26100.8972_none_3e0da176e32f9d4b\COMCTL32.dll
0x00007ffe9bfd0000 - 0x00007ffe9bff7000 	C:\WINDOWS\System32\win32u.dll
0x00007ffe9db60000 - 0x00007ffe9dc09000 	C:\WINDOWS\System32\msvcrt.dll
0x00007ffe9d960000 - 0x00007ffe9d98b000 	C:\WINDOWS\System32\GDI32.dll
0x00007ffe9b870000 - 0x00007ffe9b999000 	C:\WINDOWS\System32\gdi32full.dll
0x00007ffe9b7c0000 - 0x00007ffe9b863000 	C:\WINDOWS\System32\msvcp_win.dll
0x00007ffe9d4f0000 - 0x00007ffe9d522000 	C:\WINDOWS\System32\IMM32.DLL
0x00007ffe91310000 - 0x00007ffe9131c000 	C:\Program Files\Java\jdk-23\bin\vcruntime140_1.dll
0x00007ffe52b90000 - 0x00007ffe52c1e000 	C:\Program Files\Java\jdk-23\bin\msvcp140.dll
0x00007ffe29640000 - 0x00007ffe2a38f000 	C:\Program Files\Java\jdk-23\bin\server\jvm.dll
0x00007ffe9da90000 - 0x00007ffe9db4c000 	C:\WINDOWS\System32\ADVAPI32.dll
0x00007ffe9d440000 - 0x00007ffe9d4ea000 	C:\WINDOWS\System32\sechost.dll
0x00007ffe9e200000 - 0x00007ffe9e318000 	C:\WINDOWS\System32\RPCRT4.dll
0x00007ffe9d9f0000 - 0x00007ffe9da72000 	C:\WINDOWS\System32\WS2_32.dll
0x00007ffe9b310000 - 0x00007ffe9b36e000 	C:\WINDOWS\SYSTEM32\POWRPROF.dll
0x00007ffe93de0000 - 0x00007ffe93deb000 	C:\WINDOWS\SYSTEM32\VERSION.dll
0x00007ffe940c0000 - 0x00007ffe940f6000 	C:\WINDOWS\SYSTEM32\WINMM.dll
0x00007ffe9b2f0000 - 0x00007ffe9b305000 	C:\WINDOWS\SYSTEM32\UMPDC.dll
0x00007ffe9a360000 - 0x00007ffe9a37b000 	C:\WINDOWS\SYSTEM32\kernel.appcore.dll
0x00007ffe89e50000 - 0x00007ffe89e5a000 	C:\Program Files\Java\jdk-23\bin\jimage.dll
0x00007ffe8eef0000 - 0x00007ffe8f132000 	C:\WINDOWS\SYSTEM32\DBGHELP.DLL
0x00007ffe9de30000 - 0x00007ffe9e1b5000 	C:\WINDOWS\System32\combase.dll
0x00007ffe9d880000 - 0x00007ffe9d959000 	C:\WINDOWS\System32\OLEAUT32.dll
0x00007ffe8d330000 - 0x00007ffe8d36b000 	C:\WINDOWS\SYSTEM32\dbgcore.DLL
0x00007ffe9bf10000 - 0x00007ffe9bfbc000 	C:\WINDOWS\System32\bcryptPrimitives.dll
0x00007ffe84cf0000 - 0x00007ffe84cff000 	C:\Program Files\Java\jdk-23\bin\instrument.dll
0x00007ffe89e30000 - 0x00007ffe89e4e000 	C:\Program Files\Java\jdk-23\bin\java.dll
0x00007ffe9dc90000 - 0x00007ffe9de29000 	C:\WINDOWS\System32\ole32.dll
0x00007ffe9cbc0000 - 0x00007ffe9d348000 	C:\WINDOWS\System32\SHELL32.dll
0x00007ffe99100000 - 0x00007ffe9999b000 	C:\WINDOWS\SYSTEM32\windows.storage.dll
0x00007ffe9e320000 - 0x00007ffe9e419000 	C:\WINDOWS\System32\SHCORE.dll
0x00007ffe9cb50000 - 0x00007ffe9cbb6000 	C:\WINDOWS\System32\shlwapi.dll
0x00007ffe9b590000 - 0x00007ffe9b5b9000 	C:\WINDOWS\SYSTEM32\profapi.dll
0x00007ffe49db0000 - 0x00007ffe49e87000 	C:\Program Files\Java\jdk-23\bin\jsvml.dll
0x00007ffe89620000 - 0x00007ffe89637000 	C:\Program Files\Java\jdk-23\bin\zip.dll
0x00007ffe899e0000 - 0x00007ffe899f0000 	C:\Program Files\Java\jdk-23\bin\net.dll
0x00007ffe9a910000 - 0x00007ffe9a97c000 	C:\WINDOWS\system32\mswsock.dll
0x00007ffe898b0000 - 0x00007ffe898c6000 	C:\Program Files\Java\jdk-23\bin\nio.dll
0x00007ffe77b60000 - 0x00007ffe77b70000 	C:\Program Files\Java\jdk-23\bin\verify.dll
0x00007ffe52c60000 - 0x00007ffe52c87000 	C:\Users\chath\.gradle\native\660c5614fbf4a5f2a75b1949f50a0caf5cd603558e7d8a26e50b933a0cfb79d1\windows-amd64\native-platform.dll
0x00007ffe1ab40000 - 0x00007ffe1abb7000 	C:\Users\chath\.gradle\native\0.2.8\x86_64-windows-gnu\gradle-fileevents.dll
0x00007ffe88780000 - 0x00007ffe8878a000 	C:\Program Files\Java\jdk-23\bin\management.dll
0x00007ffe873f0000 - 0x00007ffe873fb000 	C:\Program Files\Java\jdk-23\bin\management_ext.dll
0x00007ffe9c9d0000 - 0x00007ffe9c9d8000 	C:\WINDOWS\System32\PSAPI.DLL
0x00007ffe99dc0000 - 0x00007ffe99df3000 	C:\WINDOWS\SYSTEM32\IPHLPAPI.DLL
0x00007ffe9e1f0000 - 0x00007ffe9e1fa000 	C:\WINDOWS\System32\NSI.dll
0x00007ffe84d00000 - 0x00007ffe84d09000 	C:\Program Files\Java\jdk-23\bin\extnet.dll
0x00007ffe9ac00000 - 0x00007ffe9ac1b000 	C:\WINDOWS\SYSTEM32\CRYPTSP.dll
0x00007ffe9a2c0000 - 0x00007ffe9a2f9000 	C:\WINDOWS\system32\rsaenh.dll
0x00007ffe9a9c0000 - 0x00007ffe9a9f2000 	C:\WINDOWS\SYSTEM32\USERENV.dll
0x00007ffe9b560000 - 0x00007ffe9b58a000 	C:\WINDOWS\SYSTEM32\bcrypt.dll
0x00007ffe9ac20000 - 0x00007ffe9ac2c000 	C:\WINDOWS\SYSTEM32\CRYPTBASE.dll
0x00007ffe77b50000 - 0x00007ffe77b5e000 	C:\Program Files\Java\jdk-23\bin\sunmscapi.dll
0x00007ffe9c000000 - 0x00007ffe9c17e000 	C:\WINDOWS\System32\CRYPT32.dll
0x00007ffe9ae40000 - 0x00007ffe9ae70000 	C:\WINDOWS\SYSTEM32\ncrypt.dll
0x00007ffe9adf0000 - 0x00007ffe9ae2f000 	C:\WINDOWS\SYSTEM32\NTASN1.dll
0x00007ffe6da50000 - 0x00007ffe6da58000 	C:\WINDOWS\system32\wshunix.dll
0x00007ffe91370000 - 0x00007ffe91377000 	C:\Program Files\Java\jdk-23\bin\rmi.dll

dbghelp: loaded successfully - version: 4.0.5 - missing functions: none
symbol engine: initialized successfully - sym options: 0x614 - pdb path: .;C:\Program Files\Java\jdk-23\bin;C:\WINDOWS\SYSTEM32;C:\Program Files\Avast Software\Avast;C:\WINDOWS\WinSxS\amd64_microsoft.windows.common-controls_6595b64144ccf1df_6.0.26100.8972_none_3e0da176e32f9d4b;C:\Program Files\Java\jdk-23\bin\server;C:\Users\chath\.gradle\native\660c5614fbf4a5f2a75b1949f50a0caf5cd603558e7d8a26e50b933a0cfb79d1\windows-amd64;C:\Users\chath\.gradle\native\0.2.8\x86_64-windows-gnu

VM Arguments:
jvm_args: --add-opens=java.base/java.lang=ALL-UNNAMED --add-opens=java.base/java.lang.invoke=ALL-UNNAMED --add-opens=java.base/java.util=ALL-UNNAMED --add-opens=java.prefs/java.util.prefs=ALL-UNNAMED --add-exports=jdk.compiler/com.sun.tools.javac.api=ALL-UNNAMED --add-exports=jdk.compiler/com.sun.tools.javac.util=ALL-UNNAMED --add-opens=java.base/java.util=ALL-UNNAMED --add-opens=java.prefs/java.util.prefs=ALL-UNNAMED --add-opens=java.base/java.nio.charset=ALL-UNNAMED --add-opens=java.base/java.net=ALL-UNNAMED --add-opens=java.base/java.util.concurrent=ALL-UNNAMED --add-opens=java.base/java.util.concurrent.atomic=ALL-UNNAMED --add-opens=java.xml/javax.xml.namespace=ALL-UNNAMED --add-opens=java.base/java.time=ALL-UNNAMED -XX:MaxMetaspaceSize=512m -Xmx2048m -Dfile.encoding=UTF-8 -Duser.country=US -Duser.language=en -Duser.variant -javaagent:C:\Users\chath\.gradle\wrapper\dists\gradle-9.3.1-bin\23ovyewtku6u96viwx3xl3oks\gradle-9.3.1\lib\agents\gradle-instrumentation-agent-9.3.1.jar 
java_command: org.gradle.launcher.daemon.bootstrap.GradleDaemon 9.3.1
java_class_path (initial): C:\Users\chath\.gradle\wrapper\dists\gradle-9.3.1-bin\23ovyewtku6u96viwx3xl3oks\gradle-9.3.1\lib\gradle-daemon-main-9.3.1.jar
Launcher Type: SUN_STANDARD

[Global flags]
     intx CICompilerCount                          = 12                                        {product} {ergonomic}
   size_t CompressedClassSpaceSize                 = 436207616                                 {product} {ergonomic}
     uint ConcGCThreads                            = 3                                         {product} {ergonomic}
     uint G1ConcRefinementThreads                  = 13                                        {product} {ergonomic}
   size_t G1HeapRegionSize                         = 1048576                                   {product} {ergonomic}
   size_t InitialHeapSize                          = 123731968                                 {product} {ergonomic}
   size_t MarkStackSize                            = 4194304                                   {product} {ergonomic}
   size_t MarkStackSizeMax                         = 536870912                                 {product} {ergonomic}
   size_t MaxHeapSize                              = 2147483648                                {product} {command line}
   size_t MaxMetaspaceSize                         = 536870912                                 {product} {command line}
   size_t MaxNewSize                               = 1287651328                                {product} {ergonomic}
   size_t MinHeapDeltaBytes                        = 1048576                                   {product} {ergonomic}
   size_t MinHeapSize                              = 8388608                                   {product} {ergonomic}
    uintx NonNMethodCodeHeapSize                   = 7602176                                {pd product} {ergonomic}
    uintx NonProfiledCodeHeapSize                  = 122093568                              {pd product} {ergonomic}
    uintx ProfiledCodeHeapSize                     = 121962496                              {pd product} {ergonomic}
    uintx ReservedCodeCacheSize                    = 251658240                              {pd product} {ergonomic}
     bool SegmentedCodeCache                       = true                                      {product} {ergonomic}
   size_t SoftMaxHeapSize                          = 2147483648                             {manageable} {ergonomic}
     bool UseCompressedOops                        = true                           {product lp64_product} {ergonomic}
     bool UseG1GC                                  = true                                      {product} {ergonomic}
     bool UseLargePagesIndividualAllocation        = false                                  {pd product} {ergonomic}

Logging:
Log output configuration:
 #0: stdout all=warning uptime,level,tags foldmultilines=false
 #1: stderr all=off uptime,level,tags foldmultilines=false

Environment Variables:
JAVA_HOME=C:\Program Files\Java\jdk-23
PATH=C:\Users\chath\MindTrack\node_modules\.bin;C:\Users\chath\MindTrack\node_modules\.bin;C:\Users\chath\node_modules\.bin;C:\Users\node_modules\.bin;C:\node_modules\.bin;C:\Program Files\nodejs\node_modules\npm\node_modules\@npmcli\run-script\lib\node-gyp-bin;C:\Python313\Scripts\;C:\Python313\;C:\Program Files\Common Files\Oracle\Java\javapath;C:\WINDOWS\system32;C:\WINDOWS;C:\WINDOWS\System32\Wbem;C:\WINDOWS\System32\WindowsPowerShell\v1.0\;C:\WINDOWS\System32\OpenSSH\;C:\Program Files\Git\cmd;C:\Program Files\Java\jdk-23\bin;C:\Program Files\dotnet\;C:\Program Files\MySQL\MySQL Server 8.0\bin;C:\Program Files\Microsoft SQL Server\150\Tools\Binn\;C:\Program Files\Microsoft SQL Server\Client SDK\ODBC\170\Tools\Binn\;C:\Program Files (x86)\Windows Kits\10\Windows Performance Toolkit\;C:\Program Files\nodejs\;C:\ProgramData\chocolatey\bin;C:\Program Files\MongoDB\Server\8.0\bin;C:\Users\chath\.config\herd\bin\nvm;C:\Program Files\nodejs;C:\Program Files\PostgreSQL\17\bin;C:\apache-maven-3.9.9\bin;C:\Users\chath\.config\herd\bin;C:\Program Files\MySQL\MySQL Shell 8.0\bin\;C:\Users\chath\AppData\Local\Microsoft\WindowsApps;C:\Users\chath\AppData\Local\Programs\Microsoft VS Code\bin;C:\Users\chath\AppData\Local\GitHubDesktop\bin;C:\Users\chath\.dotnet\tools;C:\Users\chath\AppData\Local\Programs\cursor\resources\app\bin;C:\Users\chath\AppData\Roaming\npm;C:\xampp\php;C:\Users\chath\AppData\Local\ComposerSetup\bin;C:\Users\chath\composer;C:\Users\chath\AppData\Roaming\Composer\vendor\bin;C:\Users\chath\AppData\Local\Programs\Antigravity\bin;C:\Users\chath\AppData\Local\Android\Sdk;C:\Users\chath\AppData\Local\Android\Sdk\platform-tools;C:\Users\chath\AppData\Local\Android\Sdk\emulator;c:\Users\chath\.antigravity-ide\extensions\ms-python.debugpy-2026.6.0-win32-x64\bundled\scripts\noConfigScripts;c:\Users\chath\.antigravity-ide\extensions\vscjava.vscode-java-debug-0.59.0-universal\bundled\scripts\noConfigScripts;C:\Users\chath\Downloads\apache-maven-3.10.0-rc-1-bin\apache-maven-3.10.0-rc-1\bin
USERNAME=chath
LANG=en_US.UTF-8
OS=Windows_NT
PROCESSOR_IDENTIFIER=AMD64 Family 23 Model 104 Stepping 1, AuthenticAMD
TMP=C:\Users\chath\AppData\Local\Temp
TEMP=C:\Users\chath\AppData\Local\Temp




Periodic native trim disabled

---------------  S Y S T E M  ---------------

OS:
 Windows 11 , 64 bit Build 26100 (10.0.26100.9168)
OS uptime: 2 days 2:02 hours
Hyper-V role detected

CPU: total 16 (initial active 16) (16 cores per cpu, 2 threads per core) family 23 model 104 stepping 1 microcode 0x8608108, cx8, cmov, fxsr, ht, mmx, 3dnowpref, sse, sse2, sse3, ssse3, sse4a, sse4.1, sse4.2, popcnt, lzcnt, tsc, tscinvbit, avx, avx2, aes, clmul, bmi1, bmi2, adx, sha, fma, vzeroupper, clflush, clflushopt, hv, rdtscp, rdpid, f16c
Processor Information for the first 16 processors :
  Max Mhz: 1801, Current Mhz: 1801, Mhz Limit: 1801

Memory: 4k page, system-wide physical 7514M (286M free)
TotalPageFile size 31066M (AvailPageFile size 199M)
current process WorkingSet (physical memory assigned to process): 381M, peak: 381M
current process commit charge ("private bytes"): 597M, peak: 602M

vm_info: Java HotSpot(TM) 64-Bit Server VM (23.0.1+11-39) for windows-amd64 JRE (23.0.1+11-39), built on 2024-09-30T07:20:43Z with MS VC++ 17.6 (VS2022)

END.
